,RiskPerformance
0,Bad
1,Bad
2,Bad
3,Good
4,Good
5,Bad
6,Bad
7,Good
8,Bad
9,Bad
10,Bad
11,Good
12,Bad
13,Bad
14,Good
15,Bad
16,Good
17,Good
18,Bad
19,Bad
20,Bad
21,Bad
22,Bad
23,Bad
24,Good
25,Good
26,Bad
27,Bad
28,Good
29,Bad
30,Bad
31,Good
32,Bad
33,Good
34,Bad
35,Good
36,Bad
37,Bad
38,Bad
39,Good
40,Good
41,Good
42,Good
43,Good
44,Bad
45,Bad
46,Bad
47,Good
48,Bad
49,Good
50,Bad
51,Good
52,Bad
53,Good
54,Bad
55,Good
56,Good
57,Good
58,Good
59,Good
60,Good
61,Good
62,Bad
63,Bad
64,Good
65,Good
66,Good
67,Bad
68,Bad
69,Good
70,Bad
71,Bad
72,Good
73,Bad
74,Good
75,Bad
76,Bad
77,Good
78,Bad
79,Good
80,Good
81,Good
82,Bad
83,Bad
84,Bad
85,Good
86,Bad
87,Bad
88,Bad
89,Bad
90,Good
91,Bad
92,Good
93,Bad
94,Good
95,Bad
96,Bad
97,Bad
98,Good
99,Good
100,Good
101,Good
102,Good
103,Bad
104,Bad
105,Bad
106,Good
107,Bad
108,Bad
109,Bad
110,Bad
111,Good
112,Bad
113,Good
114,Bad
115,Good
116,Bad
117,Good
118,Bad
119,Bad
120,Good
121,Good
122,Bad
123,Good
124,Good
125,Bad
126,Bad
127,Good
128,Bad
129,Good
130,Bad
131,Bad
132,Good
133,Bad
134,Good
135,Bad
136,Bad
137,Good
138,Bad
139,Good
140,Good
141,Good
142,Bad
143,Good
144,Good
145,Good
146,Good
147,Bad
148,Bad
149,Bad
150,Good
151,Bad
152,Good
153,Good
154,Good
155,Good
156,Bad
157,Good
158,Good
159,Bad
160,Good
161,Bad
162,Good
163,Good
164,Bad
165,Bad
166,Good
167,Bad
168,Bad
169,Good
170,Bad
171,Bad
172,Bad
173,Good
174,Bad
175,Bad
176,Bad
177,Good
178,Good
179,Good
180,Bad
181,Good
182,Bad
183,Bad
184,Good
185,Bad
186,Bad
187,Bad
188,Bad
189,Good
190,Good
191,Bad
192,Good
193,Bad
194,Bad
195,Good
196,Good
197,Good
198,Bad
199,Good
200,Good
201,Good
202,Good
203,Good
204,Bad
205,Good
206,Bad
207,Bad
208,Bad
209,Good
210,Good
211,Bad
212,Bad
213,Bad
214,Good
215,Good
216,Good
217,Good
218,Bad
219,Bad
220,Good
221,Bad
222,Bad
223,Good
224,Bad
225,Bad
226,Bad
227,Good
228,Bad
229,Good
230,Good
231,Good
232,Bad
233,Good
234,Good
235,Bad
236,Bad
237,Good
238,Good
239,Good
240,Good
241,Good
242,Good
243,Bad
244,Bad
245,Good
246,Bad
247,Good
248,Good
249,Good
250,Good
251,Good
252,Good
253,Good
254,Bad
255,Good
256,Good
257,Good
258,Bad
259,Good
260,Good
261,Bad
262,Good
263,Good
264,Bad
265,Good
266,Good
267,Bad
268,Bad
269,Good
270,Bad
271,Good
272,Good
273,Bad
274,Good
275,Bad
276,Bad
277,Good
278,Bad
279,Good
280,Bad
281,Good
282,Good
283,Good
284,Good
285,Good
286,Bad
287,Good
288,Bad
289,Bad
290,Good
291,Good
292,Good
293,Bad
294,Good
295,Good
296,Bad
297,Bad
298,Bad
299,Bad
300,Bad
301,Bad
302,Good
303,Good
304,Good
305,Good
306,Bad
307,Good
308,Good
309,Bad
310,Good
311,Bad
312,Good
313,Good
314,Good
315,Good
316,Good
317,Bad
318,Good
319,Bad
320,Good
321,Bad
322,Bad
323,Bad
324,Good
325,Good
326,Bad
327,Good
328,Good
329,Bad
330,Bad
331,Bad
332,Good
333,Good
334,Good
335,Bad
336,Good
337,Bad
338,Bad
339,Good
340,Bad
341,Bad
342,Good
343,Bad
344,Bad
345,Good
346,Bad
347,Good
348,Bad
349,Good
350,Bad
351,Good
352,Bad
353,Bad
354,Bad
355,Bad
356,Good
357,Bad
358,Bad
359,Bad
360,Good
361,Good
362,Good
363,Good
364,Bad
365,Good
366,Bad
367,Bad
368,Bad
369,Bad
370,Good
371,Bad
372,Good
373,Good
374,Bad
375,Bad
376,Good
377,Bad
378,Good
379,Bad
380,Good
381,Good
382,Good
383,Good
384,Bad
385,Bad
386,Bad
387,Good
388,Good
389,Good
390,Good
391,Bad
392,Bad
393,Bad
394,Bad
395,Bad
396,Bad
397,Good
398,Bad
399,Bad
400,Bad
401,Good
402,Bad
403,Good
404,Bad
405,Good
406,Good
407,Good
408,Good
409,Bad
410,Good
411,Good
412,Bad
413,Bad
414,Bad
415,Good
416,Bad
417,Bad
418,Good
419,Good
420,Good
421,Bad
422,Bad
423,Good
424,Good
425,Good
426,Bad
427,Good
428,Good
429,Bad
430,Bad
431,Bad
432,Good
433,Good
434,Good
435,Good
436,Bad
437,Good
438,Good
439,Good
440,Good
441,Bad
442,Bad
443,Bad
444,Bad
445,Good
446,Bad
447,Bad
448,Good
449,Bad
450,Good
451,Good
452,Good
453,Bad
454,Good
455,Good
456,Bad
457,Good
458,Bad
459,Bad
460,Good
461,Bad
462,Good
463,Good
464,Good
465,Good
466,Good
467,Good
468,Bad
469,Good
470,Good
471,Bad
472,Good
473,Good
474,Bad
475,Bad
476,Good
477,Bad
478,Good
479,Good
480,Good
481,Good
482,Good
483,Bad
484,Bad
485,Bad
486,Bad
487,Bad
488,Good
489,Good
490,Good
491,Good
492,Bad
493,Bad
494,Bad
495,Bad
496,Good
497,Good
498,Bad
499,Good
500,Good
501,Bad
502,Good
503,Good
504,Bad
505,Bad
506,Good
507,Bad
508,Bad
509,Bad
510,Bad
511,Bad
512,Good
513,Bad
514,Good
515,Bad
516,Good
517,Good
518,Good
519,Bad
520,Bad
521,Good
522,Bad
523,Bad
524,Good
525,Bad
526,Good
527,Bad
528,Good
529,Good
530,Good
531,Bad
532,Good
533,Bad
534,Bad
535,Bad
536,Good
537,Good
538,Good
539,Bad
540,Good
541,Bad
542,Good
543,Good
544,Good
545,Good
546,Good
547,Good
548,Bad
549,Good
550,Bad
551,Good
552,Bad
553,Bad
554,Good
555,Good
556,Bad
557,Good
558,Good
559,Bad
560,Good
561,Bad
562,Bad
563,Bad
564,Bad
565,Good
566,Bad
567,Bad
568,Good
569,Bad
570,Bad
571,Good
572,Bad
573,Good
574,Bad
575,Bad
576,Bad
577,Bad
578,Bad
579,Bad
580,Bad
581,Bad
582,Good
583,Bad
584,Good
585,Good
586,Bad
587,Good
588,Good
589,Good
590,Good
591,Bad
592,Bad
593,Good
594,Bad
595,Bad
596,Good
597,Good
598,Good
599,Bad
600,Good
601,Good
602,Good
603,Bad
604,Good
605,Bad
606,Good
607,Good
608,Bad
609,Bad
610,Good
611,Good
612,Good
613,Good
614,Good
615,Bad
616,Good
617,Bad
618,Good
619,Good
620,Good
621,Bad
622,Good
623,Good
624,Bad
625,Good
626,Bad
627,Bad
628,Good
629,Bad
630,Bad
631,Bad
632,Bad
633,Bad
634,Good
635,Bad
636,Bad
637,Good
638,Good
639,Bad
640,Good
641,Good
642,Good
643,Good
644,Good
645,Good
646,Bad
647,Good
648,Good
649,Bad
650,Bad
651,Bad
652,Bad
653,Bad
654,Good
655,Bad
656,Good
657,Good
658,Bad
659,Bad
660,Good
661,Good
662,Bad
663,Bad
664,Bad
665,Good
666,Good
667,Bad
668,Bad
669,Bad
670,Bad
671,Bad
672,Bad
673,Good
674,Good
675,Bad
676,Bad
677,Good
678,Good
679,Bad
680,Bad
681,Bad
682,Bad
683,Bad
684,Good
685,Bad
686,Good
687,Bad
688,Good
689,Good
690,Bad
691,Bad
692,Bad
693,Good
694,Good
695,Bad
696,Bad
697,Bad
698,Good
699,Bad
700,Good
701,Bad
702,Bad
703,Good
704,Good
705,Good
706,Bad
707,Good
708,Bad
709,Bad
710,Good
711,Good
712,Bad
713,Good
714,Bad
715,Bad
716,Bad
717,Bad
718,Good
719,Good
720,Bad
721,Good
722,Good
723,Good
724,Good
725,Good
726,Bad
727,Bad
728,Good
729,Good
730,Bad
731,Good
732,Good
733,Bad
734,Bad
735,Bad
736,Good
737,Bad
738,Good
739,Bad
740,Good
741,Bad
742,Bad
743,Good
744,Bad
745,Bad
746,Good
747,Good
748,Good
749,Good
750,Bad
751,Good
752,Good
753,Bad
754,Bad
755,Bad
756,Bad
757,Bad
758,Good
759,Good
760,Bad
761,Bad
762,Bad
763,Bad
764,Bad
765,Bad
766,Good
767,Good
768,Bad
769,Good
770,Good
771,Bad
772,Bad
773,Bad
774,Good
775,Bad
776,Good
777,Good
778,Good
779,Bad
780,Bad
781,Bad
782,Good
783,Good
784,Good
785,Good
786,Bad
787,Bad
788,Good
789,Bad
790,Bad
791,Bad
792,Bad
793,Bad
794,Bad
795,Bad
796,Good
797,Good
798,Good
799,Bad
800,Bad
801,Good
802,Bad
803,Good
804,Good
805,Good
806,Bad
807,Good
808,Bad
809,Bad
810,Bad
811,Bad
812,Bad
813,Good
814,Good
815,Bad
816,Good
817,Bad
818,Bad
819,Bad
820,Bad
821,Good
822,Good
823,Good
824,Bad
825,Good
826,Good
827,Good
828,Good
829,Bad
830,Bad
831,Good
832,Good
833,Bad
834,Good
835,Good
836,Bad
837,Bad
838,Good
839,Good
840,Bad
841,Bad
842,Good
843,Good
844,Bad
845,Bad
846,Good
847,Good
848,Good
849,Bad
850,Bad
851,Good
852,Good
853,Bad
854,Good
855,Bad
856,Good
857,Bad
858,Good
859,Bad
860,Good
861,Good
862,Bad
863,Good
864,Bad
865,Bad
866,Good
867,Good
868,Bad
869,Bad
870,Bad
871,Bad
872,Bad
873,Bad
874,Bad
875,Bad
876,Good
877,Bad
878,Bad
879,Bad
880,Good
881,Good
882,Good
883,Bad
884,Good
885,Bad
886,Good
887,Good
888,Good
889,Bad
890,Bad
891,Bad
892,Bad
893,Bad
894,Bad
895,Bad
896,Bad
897,Good
898,Good
899,Bad
900,Good
901,Bad
902,Good
903,Good
904,Bad
905,Bad
906,Good
907,Good
908,Bad
909,Bad
910,Good
911,Good
912,Good
913,Good
914,Good
915,Good
916,Bad
917,Bad
918,Good
919,Good
920,Good
921,Good
922,Good
923,Bad
924,Bad
925,Good
926,Bad
927,Good
928,Bad
929,Good
930,Good
931,Good
932,Good
933,Bad
934,Good
935,Good
936,Bad
937,Bad
938,Good
939,Good
940,Bad
941,Bad
942,Good
943,Bad
944,Good
945,Good
946,Bad
947,Good
948,Bad
949,Bad
950,Good
951,Good
952,Bad
953,Bad
954,Bad
955,Bad
956,Bad
957,Good
958,Good
959,Good
960,Good
961,Bad
962,Bad
963,Bad
964,Bad
965,Good
966,Bad
967,Good
968,Bad
969,Bad
970,Good
971,Bad
972,Bad
973,Bad
974,Good
975,Good
976,Good
977,Bad
978,Good
979,Good
980,Bad
981,Bad
982,Good
983,Bad
984,Bad
985,Bad
986,Good
987,Good
988,Bad
989,Bad
990,Bad
991,Bad
992,Bad
993,Bad
994,Good
995,Good
996,Good
997,Bad
998,Good
999,Bad
1000,Bad
1001,Good
1002,Bad
1003,Good
1004,Good
1005,Good
1006,Bad
1007,Bad
1008,Bad
1009,Bad
1010,Good
1011,Good
1012,Bad
1013,Good
1014,Good
1015,Bad
1016,Bad
1017,Bad
1018,Good
1019,Bad
1020,Bad
1021,Good
1022,Good
1023,Bad
1024,Bad
1025,Good
1026,Bad
1027,Good
1028,Good
1029,Good
1030,Bad
1031,Good
1032,Good
1033,Good
1034,Good
1035,Bad
1036,Bad
1037,Bad
1038,Good
1039,Bad
1040,Bad
1041,Good
1042,Bad
1043,Good
1044,Bad
1045,Bad
1046,Good
1047,Bad
1048,Bad
1049,Bad
1050,Bad
1051,Bad
1052,Bad
1053,Bad
1054,Good
1055,Good
1056,Bad
1057,Good
1058,Good
1059,Good
1060,Bad
1061,Good
1062,Good
1063,Bad
1064,Good
1065,Bad
1066,Good
1067,Bad
1068,Good
1069,Good
1070,Bad
1071,Good
1072,Bad
1073,Bad
1074,Bad
1075,Bad
1076,Good
1077,Bad
1078,Bad
1079,Good
1080,Bad
1081,Bad
1082,Good
1083,Good
1084,Good
1085,Good
1086,Good
1087,Bad
1088,Good
1089,Bad
1090,Good
1091,Bad
1092,Bad
1093,Good
1094,Bad
1095,Bad
1096,Good
1097,Good
1098,Good
1099,Bad
1100,Bad
1101,Bad
1102,Bad
1103,Bad
1104,Good
1105,Bad
1106,Bad
1107,Good
1108,Bad
1109,Bad
1110,Bad
1111,Good
1112,Good
1113,Bad
1114,Bad
1115,Good
1116,Good
1117,Bad
1118,Bad
1119,Good
1120,Good
1121,Bad
1122,Good
1123,Bad
1124,Bad
1125,Bad
1126,Good
1127,Bad
1128,Bad
1129,Bad
1130,Bad
1131,Good
1132,Bad
1133,Bad
1134,Bad
1135,Good
1136,Bad
1137,Bad
1138,Good
1139,Good
1140,Bad
1141,Good
1142,Bad
1143,Bad
1144,Bad
1145,Good
1146,Good
1147,Good
1148,Bad
1149,Good
1150,Bad
1151,Bad
1152,Good
1153,Good
1154,Good
1155,Bad
1156,Bad
1157,Bad
1158,Bad
1159,Good
1160,Bad
1161,Good
1162,Good
1163,Bad
1164,Bad
1165,Good
1166,Good
1167,Good
1168,Bad
1169,Bad
1170,Bad
1171,Bad
1172,Bad
1173,Bad
1174,Bad
1175,Good
1176,Bad
1177,Bad
1178,Bad
1179,Good
1180,Good
1181,Good
1182,Bad
1183,Bad
1184,Bad
1185,Bad
1186,Bad
1187,Bad
1188,Good
1189,Good
1190,Bad
1191,Good
1192,Bad
1193,Good
1194,Good
1195,Bad
1196,Bad
1197,Bad
1198,Bad
1199,Good
1200,Good
1201,Good
1202,Good
1203,Bad
1204,Good
1205,Bad
1206,Bad
1207,Good
1208,Good
1209,Good
1210,Good
1211,Bad
1212,Good
1213,Good
1214,Bad
1215,Bad
1216,Bad
1217,Good
1218,Bad
1219,Good
1220,Bad
1221,Good
1222,Good
1223,Good
1224,Bad
1225,Good
1226,Bad
1227,Bad
1228,Bad
1229,Good
1230,Good
1231,Bad
1232,Good
1233,Bad
1234,Bad
1235,Good
1236,Good
1237,Bad
1238,Bad
1239,Good
1240,Good
1241,Bad
1242,Good
1243,Bad
1244,Bad
1245,Bad
1246,Bad
1247,Good
1248,Bad
1249,Bad
1250,Bad
1251,Good
1252,Good
1253,Good
1254,Bad
1255,Good
1256,Good
1257,Good
1258,Bad
1259,Good
1260,Good
1261,Good
1262,Bad
1263,Bad
1264,Good
1265,Good
1266,Good
1267,Good
1268,Bad
1269,Good
1270,Bad
1271,Good
1272,Bad
1273,Good
1274,Bad
1275,Good
1276,Bad
1277,Good
1278,Good
1279,Bad
1280,Bad
1281,Bad
1282,Good
1283,Bad
1284,Bad
1285,Bad
1286,Good
1287,Bad
1288,Bad
1289,Bad
1290,Good
1291,Bad
1292,Good
1293,Good
1294,Bad
1295,Good
1296,Good
1297,Bad
1298,Bad
1299,Good
1300,Bad
1301,Good
1302,Bad
1303,Bad
1304,Bad
1305,Good
1306,Good
1307,Good
1308,Bad
1309,Bad
1310,Good
1311,Bad
1312,Good
1313,Good
1314,Good
1315,Good
1316,Bad
1317,Bad
1318,Bad
1319,Good
1320,Bad
1321,Good
1322,Bad
1323,Bad
1324,Bad
1325,Bad
1326,Bad
1327,Good
1328,Good
1329,Bad
1330,Good
1331,Good
1332,Bad
1333,Bad
1334,Bad
1335,Bad
1336,Good
1337,Good
1338,Bad
1339,Bad
1340,Good
1341,Bad
1342,Bad
1343,Bad
1344,Good
1345,Bad
1346,Bad
1347,Bad
1348,Good
1349,Bad
1350,Bad
1351,Bad
1352,Bad
1353,Good
1354,Good
1355,Good
1356,Good
1357,Good
1358,Good
1359,Bad
1360,Good
1361,Good
1362,Bad
1363,Bad
1364,Bad
1365,Bad
1366,Good
1367,Bad
1368,Good
1369,Bad
1370,Good
1371,Bad
1372,Good
1373,Bad
1374,Bad
1375,Bad
1376,Good
1377,Bad
1378,Bad
1379,Bad
1380,Bad
1381,Bad
1382,Bad
1383,Bad
1384,Bad
1385,Bad
1386,Good
1387,Good
1388,Bad
1389,Good
1390,Bad
1391,Bad
1392,Bad
1393,Bad
1394,Good
1395,Good
1396,Bad
1397,Good
1398,Good
1399,Bad
1400,Good
1401,Bad
1402,Bad
1403,Good
1404,Bad
1405,Good
1406,Bad
1407,Good
1408,Bad
1409,Bad
1410,Bad
1411,Good
1412,Bad
1413,Bad
1414,Bad
1415,Good
1416,Good
1417,Good
1418,Bad
1419,Good
1420,Good
1421,Bad
1422,Bad
1423,Bad
1424,Good
1425,Good
1426,Bad
1427,Bad
1428,Good
1429,Good
1430,Good
1431,Bad
1432,Bad
1433,Bad
1434,Bad
1435,Bad
1436,Bad
1437,Bad
1438,Bad
1439,Good
1440,Bad
1441,Good
1442,Good
1443,Good
1444,Bad
1445,Good
1446,Good
1447,Bad
1448,Good
1449,Bad
1450,Bad
1451,Bad
1452,Bad
1453,Good
1454,Bad
1455,Bad
1456,Bad
1457,Good
1458,Good
1459,Bad
1460,Bad
1461,Good
1462,Bad
1463,Bad
1464,Good
1465,Good
1466,Bad
1467,Bad
1468,Bad
1469,Good
1470,Good
1471,Good
1472,Bad
1473,Bad
1474,Good
1475,Bad
1476,Bad
1477,Bad
1478,Good
1479,Good
1480,Bad
1481,Bad
1482,Bad
1483,Good
1484,Good
1485,Bad
1486,Bad
1487,Good
1488,Good
1489,Bad
1490,Good
1491,Good
1492,Bad
1493,Good
1494,Bad
1495,Good
1496,Bad
1497,Good
1498,Bad
1499,Good
1500,Bad
1501,Bad
1502,Good
1503,Bad
1504,Good
1505,Good
1506,Bad
1507,Bad
1508,Bad
1509,Good
1510,Bad
1511,Bad
1512,Good
1513,Good
1514,Bad
1515,Good
1516,Bad
1517,Good
1518,Good
1519,Bad
1520,Good
1521,Good
1522,Bad
1523,Good
1524,Bad
1525,Bad
1526,Bad
1527,Bad
1528,Good
1529,Bad
1530,Bad
1531,Good
1532,Good
1533,Good
1534,Good
1535,Good
1536,Bad
1537,Bad
1538,Good
1539,Bad
1540,Bad
1541,Good
1542,Bad
1543,Bad
1544,Good
1545,Good
1546,Bad
1547,Good
1548,Bad
1549,Good
1550,Good
1551,Bad
1552,Good
1553,Good
1554,Bad
1555,Bad
1556,Good
1557,Good
1558,Good
1559,Bad
1560,Bad
1561,Bad
1562,Bad
1563,Good
1564,Bad
1565,Bad
1566,Good
1567,Good
1568,Good
1569,Bad
1570,Good
1571,Bad
1572,Bad
1573,Good
1574,Bad
1575,Good
1576,Good
1577,Good
1578,Good
1579,Good
1580,Bad
1581,Bad
1582,Bad
1583,Good
1584,Good
1585,Good
1586,Bad
1587,Bad
1588,Good
1589,Bad
1590,Bad
1591,Bad
1592,Bad
1593,Bad
1594,Good
1595,Good
1596,Bad
1597,Good
1598,Good
1599,Bad
1600,Bad
1601,Good
1602,Bad
1603,Good
1604,Bad
1605,Good
1606,Bad
1607,Good
1608,Good
1609,Bad
1610,Good
1611,Bad
1612,Bad
1613,Bad
1614,Good
1615,Good
1616,Good
1617,Bad
1618,Bad
1619,Good
1620,Bad
1621,Bad
1622,Bad
1623,Good
1624,Bad
1625,Bad
1626,Good
1627,Good
1628,Bad
1629,Good
1630,Bad
1631,Bad
1632,Bad
1633,Good
1634,Good
1635,Bad
1636,Bad
1637,Good
1638,Good
1639,Good
1640,Good
1641,Good
1642,Bad
1643,Bad
1644,Bad
1645,Bad
1646,Bad
1647,Bad
1648,Good
1649,Bad
1650,Bad
1651,Good
1652,Bad
1653,Good
1654,Bad
1655,Bad
1656,Bad
1657,Good
1658,Good
1659,Good
1660,Good
1661,Good
1662,Good
1663,Good
1664,Good
1665,Bad
1666,Good
1667,Good
1668,Bad
1669,Good
1670,Good
1671,Good
1672,Bad
1673,Bad
1674,Bad
1675,Good
1676,Bad
1677,Good
1678,Bad
1679,Good
1680,Bad
1681,Good
1682,Good
1683,Bad
1684,Good
1685,Good
1686,Bad
1687,Bad
1688,Good
1689,Bad
1690,Good
1691,Good
1692,Good
1693,Bad
1694,Bad
1695,Good
1696,Bad
1697,Bad
1698,Bad
1699,Bad
1700,Good
1701,Good
1702,Good
1703,Bad
1704,Good
1705,Bad
1706,Good
1707,Good
1708,Bad
1709,Good
1710,Good
1711,Good
1712,Bad
1713,Bad
1714,Good
1715,Bad
1716,Bad
1717,Bad
1718,Good
1719,Bad
1720,Bad
1721,Good
1722,Bad
1723,Good
1724,Bad
1725,Bad
1726,Good
1727,Bad
1728,Bad
1729,Good
1730,Good
1731,Bad
1732,Good
1733,Good
1734,Bad
1735,Good
1736,Good
1737,Good
1738,Good
1739,Good
1740,Good
1741,Good
1742,Bad
1743,Good
1744,Good
1745,Good
1746,Good
1747,Good
1748,Bad
1749,Bad
1750,Bad
1751,Bad
1752,Good
1753,Bad
1754,Good
1755,Bad
1756,Good
1757,Bad
1758,Good
1759,Good
1760,Bad
1761,Good
1762,Bad
1763,Good
1764,Bad
1765,Good
1766,Bad
1767,Bad
1768,Bad
1769,Bad
1770,Bad
1771,Bad
1772,Bad
1773,Good
1774,Good
1775,Bad
1776,Bad
1777,Good
1778,Good
1779,Bad
1780,Bad
1781,Good
1782,Good
1783,Bad
1784,Good
1785,Good
1786,Bad
1787,Bad
1788,Good
1789,Good
1790,Bad
1791,Good
1792,Good
1793,Bad
1794,Good
1795,Bad
1796,Good
1797,Good
1798,Bad
1799,Good
1800,Good
1801,Good
1802,Good
1803,Bad
1804,Bad
1805,Good
1806,Good
1807,Bad
1808,Good
1809,Bad
1810,Good
1811,Bad
1812,Good
1813,Bad
1814,Bad
1815,Good
1816,Good
1817,Good
1818,Bad
1819,Bad
1820,Bad
1821,Good
1822,Bad
1823,Good
1824,Good
1825,Good
1826,Good
1827,Bad
1828,Bad
1829,Good
1830,Good
1831,Good
1832,Good
1833,Good
1834,Bad
1835,Bad
1836,Bad
1837,Good
1838,Good
1839,Bad
1840,Good
1841,Good
1842,Good
1843,Good
1844,Bad
1845,Bad
1846,Good
1847,Good
1848,Good
1849,Bad
1850,Bad
1851,Good
1852,Good
1853,Good
1854,Bad
1855,Good
1856,Bad
1857,Bad
1858,Bad
1859,Good
1860,Good
1861,Good
1862,Good
1863,Good
1864,Bad
1865,Bad
1866,Good
1867,Good
1868,Good
1869,Good
1870,Bad
1871,Good
1872,Good
1873,Good
1874,Bad
1875,Good
1876,Bad
1877,Bad
1878,Bad
1879,Bad
1880,Bad
1881,Bad
1882,Good
1883,Bad
1884,Bad
1885,Bad
1886,Good
1887,Bad
1888,Good
1889,Bad
1890,Good
1891,Good
1892,Good
1893,Good
1894,Good
1895,Bad
1896,Good
1897,Bad
1898,Good
1899,Good
1900,Bad
1901,Good
1902,Bad
1903,Good
1904,Good
1905,Bad
1906,Bad
1907,Good
1908,Good
1909,Good
1910,Good
1911,Bad
1912,Bad
1913,Good
1914,Good
1915,Good
1916,Good
1917,Good
1918,Bad
1919,Good
1920,Good
1921,Bad
1922,Good
1923,Bad
1924,Bad
1925,Good
1926,Bad
1927,Good
1928,Bad
1929,Good
1930,Bad
1931,Good
1932,Bad
1933,Bad
1934,Good
1935,Bad
1936,Bad
1937,Bad
1938,Good
1939,Good
1940,Good
1941,Bad
1942,Good
1943,Bad
1944,Good
1945,Bad
1946,Bad
1947,Good
1948,Good
1949,Good
1950,Good
1951,Good
1952,Good
1953,Bad
1954,Good
1955,Bad
1956,Bad
1957,Bad
1958,Bad
1959,Bad
1960,Good
1961,Bad
1962,Good
1963,Good
1964,Bad
1965,Good
1966,Bad
1967,Bad
1968,Bad
1969,Good
1970,Bad
1971,Bad
1972,Bad
1973,Bad
1974,Good
1975,Good
1976,Good
1977,Good
1978,Bad
1979,Bad
1980,Bad
1981,Good
1982,Good
1983,Bad
1984,Bad
1985,Bad
1986,Bad
1987,Good
1988,Bad
1989,Good
1990,Good
1991,Good
1992,Bad
1993,Bad
1994,Bad
1995,Bad
1996,Bad
1997,Bad
1998,Good
1999,Bad
2000,Bad
2001,Bad
2002,Good
2003,Bad
2004,Good
2005,Bad
2006,Bad
2007,Bad
2008,Bad
2009,Bad
2010,Good
2011,Good
2012,Good
2013,Good
2014,Good
2015,Good
2016,Bad
2017,Good
2018,Bad
2019,Good
2020,Bad
2021,Good
2022,Good
2023,Bad
2024,Good
2025,Good
2026,Good
2027,Good
2028,Bad
2029,Good
2030,Good
2031,Good
2032,Bad
2033,Good
2034,Good
2035,Good
2036,Good
2037,Good
2038,Good
2039,Good
2040,Bad
2041,Bad
2042,Good
2043,Bad
2044,Good
2045,Good
2046,Good
2047,Good
2048,Good
2049,Bad
2050,Good
2051,Good
2052,Bad
2053,Bad
2054,Good
2055,Bad
2056,Good
2057,Bad
2058,Good
2059,Bad
2060,Bad
2061,Bad
2062,Good
2063,Bad
2064,Good
2065,Good
2066,Good
2067,Bad
2068,Good
2069,Bad
2070,Bad
2071,Good
2072,Bad
2073,Good
2074,Bad
2075,Good
2076,Good
2077,Bad
2078,Bad
2079,Bad
2080,Bad
2081,Good
2082,Good
2083,Good
2084,Bad
2085,Bad
2086,Bad
2087,Good
2088,Good
2089,Good
2090,Good
2091,Good
2092,Good
2093,Bad
2094,Bad
2095,Good
2096,Good
2097,Good
2098,Bad
2099,Bad
2100,Good
2101,Good
2102,Bad
2103,Good
2104,Bad
2105,Good
2106,Good
2107,Good
2108,Bad
2109,Good
2110,Bad
2111,Bad
2112,Good
2113,Bad
2114,Bad
2115,Good
2116,Bad
2117,Bad
2118,Good
2119,Good
2120,Bad
2121,Bad
2122,Bad
2123,Bad
2124,Good
2125,Bad
2126,Good
2127,Good
2128,Good
2129,Good
2130,Good
2131,Bad
2132,Bad
2133,Bad
2134,Good
2135,Good
2136,Bad
2137,Good
2138,Bad
2139,Good
2140,Bad
2141,Good
2142,Good
2143,Good
2144,Bad
2145,Good
2146,Good
2147,Good
2148,Good
2149,Good
2150,Bad
2151,Good
2152,Good
2153,Bad
2154,Good
2155,Bad
2156,Bad
2157,Good
2158,Good
2159,Good
2160,Bad
2161,Good
2162,Good
2163,Bad
2164,Good
2165,Good
2166,Bad
2167,Bad
2168,Good
2169,Bad
2170,Good
2171,Bad
2172,Bad
2173,Good
2174,Good
2175,Good
2176,Bad
2177,Good
2178,Good
2179,Good
2180,Bad
2181,Bad
2182,Good
2183,Good
2184,Good
2185,Good
2186,Good
2187,Bad
2188,Good
2189,Good
2190,Bad
2191,Bad
2192,Bad
2193,Good
2194,Good
2195,Good
2196,Good
2197,Bad
2198,Good
2199,Good
2200,Good
2201,Bad
2202,Bad
2203,Good
2204,Bad
2205,Good
2206,Bad
2207,Bad
2208,Bad
2209,Good
2210,Bad
2211,Bad
2212,Bad
2213,Good
2214,Bad
2215,Bad
2216,Bad
2217,Good
2218,Good
2219,Good
2220,Bad
2221,Bad
2222,Bad
2223,Bad
2224,Good
2225,Good
2226,Good
2227,Good
2228,Bad
2229,Bad
2230,Good
2231,Good
2232,Good
2233,Bad
2234,Bad
2235,Bad
2236,Bad
2237,Bad
2238,Good
2239,Good
2240,Good
2241,Bad
2242,Bad
2243,Bad
2244,Good
2245,Bad
2246,Bad
2247,Bad
2248,Good
2249,Good
2250,Bad
2251,Bad
2252,Good
2253,Bad
2254,Bad
2255,Good
2256,Good
2257,Good
2258,Good
2259,Bad
2260,Bad
2261,Bad
2262,Bad
2263,Good
2264,Good
2265,Bad
2266,Bad
2267,Bad
2268,Good
2269,Bad
2270,Bad
2271,Good
2272,Bad
2273,Bad
2274,Good
2275,Bad
2276,Bad
2277,Bad
2278,Good
2279,Bad
2280,Bad
2281,Bad
2282,Good
2283,Bad
2284,Good
2285,Good
2286,Bad
2287,Good
2288,Good
2289,Bad
2290,Bad
2291,Good
2292,Bad
2293,Bad
2294,Good
2295,Good
2296,Good
2297,Bad
2298,Good
2299,Bad
2300,Good
2301,Good
2302,Good
2303,Good
2304,Bad
2305,Bad
2306,Good
2307,Bad
2308,Bad
2309,Good
2310,Bad
2311,Bad
2312,Good
2313,Bad
2314,Bad
2315,Bad
2316,Good
2317,Good
2318,Good
2319,Bad
2320,Good
2321,Good
2322,Bad
2323,Good
2324,Good
2325,Good
2326,Bad
2327,Good
2328,Good
2329,Bad
2330,Bad
2331,Good
2332,Good
2333,Bad
2334,Good
2335,Good
2336,Bad
2337,Bad
2338,Good
2339,Good
2340,Good
2341,Good
2342,Bad
2343,Good
2344,Bad
2345,Good
2346,Good
2347,Good
2348,Bad
2349,Good
2350,Bad
2351,Good
2352,Bad
2353,Good
2354,Good
2355,Good
2356,Bad
2357,Bad
2358,Good
2359,Bad
2360,Bad
2361,Good
2362,Bad
2363,Good
2364,Bad
2365,Bad
2366,Good
2367,Good
2368,Bad
2369,Bad
2370,Good
2371,Bad
2372,Bad
2373,Good
2374,Good
2375,Bad
2376,Bad
2377,Bad
2378,Bad
2379,Good
2380,Bad
2381,Good
2382,Bad
2383,Good
2384,Good
2385,Bad
2386,Bad
2387,Good
2388,Bad
2389,Bad
2390,Bad
2391,Bad
2392,Bad
2393,Bad
2394,Bad
2395,Good
2396,Bad
2397,Bad
2398,Good
2399,Bad
2400,Good
2401,Good
2402,Bad
2403,Good
2404,Good
2405,Bad
2406,Bad
2407,Bad
2408,Bad
2409,Good
2410,Bad
2411,Bad
2412,Good
2413,Good
2414,Bad
2415,Bad
2416,Bad
2417,Good
2418,Good
2419,Good
2420,Good
2421,Good
2422,Bad
2423,Bad
2424,Bad
2425,Good
2426,Bad
2427,Good
2428,Bad
2429,Bad
2430,Bad
2431,Good
2432,Good
2433,Bad
2434,Good
2435,Good
2436,Bad
2437,Bad
2438,Good
2439,Good
2440,Good
2441,Good
2442,Bad
2443,Bad
2444,Good
2445,Bad
2446,Good
2447,Good
2448,Bad
2449,Bad
2450,Bad
2451,Bad
2452,Bad
2453,Good
2454,Good
2455,Bad
2456,Good
2457,Bad
2458,Good
2459,Good
2460,Good
2461,Good
2462,Good
2463,Bad
2464,Bad
2465,Bad
2466,Bad
2467,Bad
2468,Good
2469,Bad
2470,Good
2471,Good
2472,Good
2473,Bad
2474,Bad
2475,Good
2476,Bad
2477,Bad
2478,Good
2479,Bad
2480,Bad
2481,Bad
2482,Bad
2483,Good
2484,Bad
2485,Good
2486,Bad
2487,Bad
2488,Bad
2489,Good
2490,Good
2491,Bad
2492,Bad
2493,Good
2494,Good
2495,Bad
2496,Good
2497,Good
2498,Good
2499,Good
2500,Bad
2501,Good
2502,Good
2503,Bad
2504,Good
2505,Bad
2506,Good
2507,Good
2508,Good
2509,Bad
2510,Good
2511,Good
2512,Bad
2513,Bad
2514,Good
2515,Good
2516,Bad
2517,Good
2518,Good
2519,Good
2520,Good
2521,Bad
2522,Good
2523,Bad
2524,Good
2525,Good
2526,Good
2527,Good
2528,Good
2529,Bad
2530,Good
2531,Good
2532,Good
2533,Bad
2534,Good
2535,Bad
2536,Good
2537,Good
2538,Good
2539,Bad
2540,Bad
2541,Bad
2542,Bad
2543,Bad
2544,Good
2545,Bad
2546,Bad
2547,Good
2548,Good
2549,Bad
2550,Bad
2551,Good
2552,Bad
2553,Bad
2554,Good
2555,Bad
2556,Good
2557,Bad
2558,Bad
2559,Bad
2560,Good
2561,Bad
2562,Good
2563,Bad
2564,Bad
2565,Good
2566,Bad
2567,Good
2568,Good
2569,Good
2570,Good
2571,Good
2572,Good
2573,Bad
2574,Good
2575,Good
2576,Bad
2577,Bad
2578,Bad
2579,Bad
2580,Bad
2581,Good
2582,Good
2583,Good
2584,Bad
2585,Good
2586,Bad
2587,Good
2588,Good
2589,Bad
2590,Bad
2591,Good
2592,Bad
2593,Bad
2594,Bad
2595,Good
2596,Bad
2597,Good
2598,Bad
2599,Bad
2600,Good
2601,Bad
2602,Good
2603,Good
2604,Good
2605,Good
2606,Bad
2607,Good
2608,Bad
2609,Bad
2610,Bad
2611,Bad
2612,Bad
2613,Good
2614,Bad
2615,Bad
2616,Bad
2617,Bad
2618,Bad
2619,Bad
2620,Good
2621,Bad
2622,Good
2623,Good
2624,Bad
2625,Good
2626,Good
2627,Bad
2628,Bad
2629,Bad
2630,Good
2631,Bad
2632,Bad
2633,Bad
2634,Bad
2635,Good
2636,Bad
2637,Good
2638,Good
2639,Bad
2640,Bad
2641,Bad
2642,Bad
2643,Good
2644,Good
2645,Bad
2646,Bad
2647,Good
2648,Good
2649,Good
2650,Good
2651,Bad
2652,Good
2653,Bad
2654,Bad
2655,Good
2656,Good
2657,Bad
2658,Bad
2659,Bad
2660,Bad
2661,Good
2662,Good
2663,Good
2664,Bad
2665,Good
2666,Bad
2667,Good
2668,Bad
2669,Good
2670,Bad
2671,Bad
2672,Good
2673,Good
2674,Bad
2675,Bad
2676,Good
2677,Good
2678,Bad
2679,Good
2680,Bad
2681,Bad
2682,Good
2683,Bad
2684,Good
2685,Good
2686,Good
2687,Bad
2688,Good
2689,Bad
2690,Bad
2691,Bad
2692,Good
2693,Bad
2694,Good
2695,Good
2696,Good
2697,Bad
2698,Bad
2699,Good
2700,Good
2701,Good
2702,Bad
2703,Good
2704,Good
2705,Bad
2706,Good
2707,Bad
2708,Bad
2709,Bad
2710,Bad
2711,Good
2712,Bad
2713,Good
2714,Good
2715,Bad
2716,Bad
2717,Good
2718,Good
2719,Good
2720,Good
2721,Good
2722,Good
2723,Bad
2724,Bad
2725,Good
2726,Good
2727,Good
2728,Good
2729,Good
2730,Good
2731,Good
2732,Bad
2733,Good
2734,Good
2735,Bad
2736,Good
2737,Good
2738,Bad
2739,Good
2740,Good
2741,Good
2742,Good
2743,Good
2744,Bad
2745,Bad
2746,Good
2747,Bad
2748,Good
2749,Good
2750,Bad
2751,Bad
2752,Good
2753,Good
2754,Good
2755,Good
2756,Bad
2757,Good
2758,Bad
2759,Bad
2760,Bad
2761,Bad
2762,Good
2763,Bad
2764,Bad
2765,Bad
2766,Bad
2767,Good
2768,Good
2769,Good
2770,Good
2771,Bad
2772,Bad
2773,Bad
2774,Bad
2775,Good
2776,Bad
2777,Bad
2778,Bad
2779,Bad
2780,Good
2781,Good
2782,Bad
2783,Good
2784,Good
2785,Bad
2786,Bad
2787,Bad
2788,Good
2789,Good
2790,Good
2791,Good
2792,Good
2793,Bad
2794,Bad
2795,Bad
2796,Bad
2797,Bad
2798,Good
2799,Good
2800,Good
2801,Bad
2802,Bad
2803,Good
2804,Bad
2805,Good
2806,Bad
2807,Good
2808,Good
2809,Good
2810,Good
2811,Bad
2812,Bad
2813,Good
2814,Bad
2815,Bad
2816,Bad
2817,Bad
2818,Good
2819,Bad
2820,Bad
2821,Good
2822,Good
2823,Bad
2824,Good
2825,Bad
2826,Bad
2827,Good
2828,Good
2829,Bad
2830,Bad
2831,Good
2832,Good
2833,Good
2834,Bad
2835,Bad
2836,Bad
2837,Bad
2838,Good
2839,Good
2840,Bad
2841,Good
2842,Bad
2843,Good
2844,Good
2845,Bad
2846,Good
2847,Bad
2848,Bad
2849,Bad
2850,Good
2851,Good
2852,Good
2853,Good
2854,Bad
2855,Good
2856,Good
2857,Good
2858,Good
2859,Good
2860,Bad
2861,Good
2862,Bad
2863,Bad
2864,Good
2865,Bad
2866,Bad
2867,Good
2868,Good
2869,Good
2870,Good
2871,Good
2872,Bad
2873,Bad
2874,Bad
2875,Bad
2876,Bad
2877,Bad
2878,Good
2879,Good
2880,Bad
2881,Good
2882,Bad
2883,Good
2884,Bad
2885,Bad
2886,Bad
2887,Bad
2888,Bad
2889,Bad
2890,Bad
2891,Good
2892,Bad
2893,Bad
2894,Bad
2895,Bad
2896,Bad
2897,Good
2898,Bad
2899,Good
2900,Good
2901,Bad
2902,Good
2903,Bad
2904,Good
2905,Good
2906,Bad
2907,Bad
2908,Bad
2909,Bad
2910,Bad
2911,Bad
2912,Good
2913,Bad
2914,Bad
2915,Bad
2916,Bad
2917,Good
2918,Good
2919,Bad
2920,Good
2921,Bad
2922,Good
2923,Good
2924,Good
2925,Good
2926,Bad
2927,Bad
2928,Good
2929,Good
2930,Good
2931,Good
2932,Good
2933,Bad
2934,Bad
2935,Good
2936,Bad
2937,Bad
2938,Good
2939,Bad
2940,Good
2941,Good
2942,Bad
2943,Bad
2944,Bad
2945,Good
2946,Good
2947,Good
2948,Bad
2949,Good
2950,Good
2951,Good
2952,Bad
2953,Bad
2954,Bad
2955,Good
2956,Good
2957,Bad
2958,Bad
2959,Bad
2960,Bad
2961,Bad
2962,Good
2963,Bad
2964,Good
2965,Bad
2966,Bad
2967,Good
2968,Bad
2969,Good
2970,Good
2971,Good
2972,Bad
2973,Good
2974,Bad
2975,Bad
2976,Good
2977,Bad
2978,Good
2979,Bad
2980,Bad
2981,Good
2982,Bad
2983,Bad
2984,Good
2985,Bad
2986,Good
2987,Good
2988,Good
2989,Good
2990,Bad
2991,Bad
2992,Bad
2993,Bad
2994,Bad
2995,Good
2996,Good
2997,Good
2998,Good
2999,Good
3000,Good
3001,Bad
3002,Bad
3003,Good
3004,Good
3005,Good
3006,Bad
3007,Bad
3008,Good
3009,Bad
3010,Good
3011,Bad
3012,Bad
3013,Good
3014,Good
3015,Good
3016,Good
3017,Good
3018,Bad
3019,Good
3020,Good
3021,Good
3022,Good
3023,Good
3024,Good
3025,Bad
3026,Bad
3027,Bad
3028,Good
3029,Good
3030,Bad
3031,Good
3032,Bad
3033,Good
3034,Good
3035,Bad
3036,Bad
3037,Good
3038,Good
3039,Good
3040,Bad
3041,Good
3042,Good
3043,Good
3044,Good
3045,Bad
3046,Good
3047,Bad
3048,Bad
3049,Bad
3050,Good
3051,Bad
3052,Bad
3053,Good
3054,Bad
3055,Good
3056,Bad
3057,Bad
3058,Good
3059,Good
3060,Good
3061,Bad
3062,Good
3063,Good
3064,Good
3065,Good
3066,Bad
3067,Good
3068,Bad
3069,Good
3070,Bad
3071,Good
3072,Bad
3073,Bad
3074,Bad
3075,Bad
3076,Bad
3077,Good
3078,Good
3079,Bad
3080,Bad
3081,Good
3082,Bad
3083,Bad
3084,Bad
3085,Bad
3086,Bad
3087,Bad
3088,Bad
3089,Good
3090,Good
3091,Bad
3092,Good
3093,Bad
3094,Bad
3095,Good
3096,Good
3097,Good
3098,Bad
3099,Good
3100,Good
3101,Good
3102,Bad
3103,Good
3104,Good
3105,Bad
3106,Good
3107,Bad
3108,Bad
3109,Good
3110,Bad
3111,Good
3112,Good
3113,Bad
3114,Bad
3115,Bad
3116,Good
3117,Bad
3118,Bad
3119,Good
3120,Good
3121,Bad
3122,Bad
3123,Bad
3124,Good
3125,Bad
3126,Good
3127,Good
3128,Bad
3129,Bad
3130,Good
3131,Good
3132,Good
3133,Good
3134,Bad
3135,Good
3136,Good
3137,Good
3138,Good
3139,Good
3140,Good
3141,Bad
3142,Good
3143,Good
3144,Bad
3145,Bad
3146,Good
3147,Good
3148,Good
3149,Bad
3150,Good
3151,Good
3152,Good
3153,Bad
3154,Good
3155,Good
3156,Bad
3157,Bad
3158,Good
3159,Bad
3160,Good
3161,Bad
3162,Bad
3163,Good
3164,Good
3165,Bad
3166,Bad
3167,Good
3168,Good
3169,Good
3170,Bad
3171,Good
3172,Good
3173,Bad
3174,Bad
3175,Bad
3176,Bad
3177,Good
3178,Bad
3179,Good
3180,Bad
3181,Good
3182,Good
3183,Bad
3184,Bad
3185,Bad
3186,Bad
3187,Bad
3188,Bad
3189,Bad
3190,Bad
3191,Bad
3192,Good
3193,Good
3194,Bad
3195,Good
3196,Good
3197,Bad
3198,Bad
3199,Good
3200,Good
3201,Bad
3202,Good
3203,Bad
3204,Bad
3205,Good
3206,Good
3207,Good
3208,Bad
3209,Bad
3210,Bad
3211,Bad
3212,Good
3213,Good
3214,Good
3215,Bad
3216,Good
3217,Good
3218,Good
3219,Good
3220,Bad
3221,Bad
3222,Bad
3223,Good
3224,Bad
3225,Good
3226,Bad
3227,Bad
3228,Bad
3229,Bad
3230,Bad
3231,Good
3232,Bad
3233,Good
3234,Bad
3235,Good
3236,Good
3237,Bad
3238,Bad
3239,Bad
3240,Bad
3241,Good
3242,Good
3243,Bad
3244,Good
3245,Good
3246,Bad
3247,Good
3248,Bad
3249,Bad
3250,Good
3251,Bad
3252,Bad
3253,Bad
3254,Bad
3255,Bad
3256,Bad
3257,Bad
3258,Good
3259,Bad
3260,Bad
3261,Bad
3262,Bad
3263,Good
3264,Good
3265,Good
3266,Bad
3267,Good
3268,Good
3269,Good
3270,Bad
3271,Bad
3272,Good
3273,Good
3274,Good
3275,Good
3276,Bad
3277,Bad
3278,Bad
3279,Bad
3280,Bad
3281,Good
3282,Good
3283,Bad
3284,Good
3285,Bad
3286,Good
3287,Bad
3288,Good
3289,Bad
3290,Good
3291,Bad
3292,Bad
3293,Good
3294,Good
3295,Bad
3296,Good
3297,Bad
3298,Bad
3299,Bad
3300,Bad
3301,Good
3302,Bad
3303,Bad
3304,Good
3305,Bad
3306,Good
3307,Bad
3308,Bad
3309,Bad
3310,Good
3311,Good
3312,Good
3313,Bad
3314,Good
3315,Bad
3316,Bad
3317,Good
3318,Bad
3319,Good
3320,Bad
3321,Bad
3322,Good
3323,Bad
3324,Bad
3325,Good
3326,Bad
3327,Bad
3328,Good
3329,Good
3330,Bad
3331,Bad
3332,Good
3333,Good
3334,Good
3335,Bad
3336,Bad
3337,Bad
3338,Bad
3339,Good
3340,Good
3341,Bad
3342,Good
3343,Good
3344,Good
3345,Good
3346,Good
3347,Good
3348,Bad
3349,Bad
3350,Good
3351,Good
3352,Good
3353,Bad
3354,Bad
3355,Good
3356,Good
3357,Good
3358,Good
3359,Bad
3360,Bad
3361,Bad
3362,Bad
3363,Bad
3364,Good
3365,Good
3366,Good
3367,Bad
3368,Bad
3369,Good
3370,Good
3371,Good
3372,Bad
3373,Bad
3374,Good
3375,Good
3376,Bad
3377,Good
3378,Good
3379,Bad
3380,Bad
3381,Bad
3382,Good
3383,Good
3384,Bad
3385,Good
3386,Bad
3387,Bad
3388,Bad
3389,Good
3390,Good
3391,Bad
3392,Bad
3393,Good
3394,Bad
3395,Bad
3396,Bad
3397,Good
3398,Good
3399,Bad
3400,Good
3401,Good
3402,Bad
3403,Bad
3404,Good
3405,Bad
3406,Good
3407,Bad
3408,Bad
3409,Good
3410,Bad
3411,Good
3412,Bad
3413,Bad
3414,Bad
3415,Bad
3416,Good
3417,Good
3418,Good
3419,Bad
3420,Bad
3421,Bad
3422,Good
3423,Bad
3424,Good
3425,Good
3426,Good
3427,Bad
3428,Bad
3429,Bad
3430,Good
3431,Bad
3432,Bad
3433,Bad
3434,Good
3435,Bad
3436,Bad
3437,Bad
3438,Bad
3439,Bad
3440,Bad
3441,Good
3442,Good
3443,Bad
3444,Bad
3445,Good
3446,Good
3447,Good
3448,Bad
3449,Bad
3450,Bad
3451,Good
3452,Bad
3453,Bad
3454,Bad
3455,Bad
3456,Bad
3457,Good
3458,Good
3459,Bad
3460,Bad
3461,Good
3462,Good
3463,Bad
3464,Good
3465,Good
3466,Bad
3467,Bad
3468,Bad
3469,Good
3470,Bad
3471,Bad
3472,Good
3473,Good
3474,Good
3475,Good
3476,Bad
3477,Good
3478,Bad
3479,Bad
3480,Good
3481,Bad
3482,Good
3483,Bad
3484,Bad
3485,Good
3486,Bad
3487,Bad
3488,Bad
3489,Good
3490,Bad
3491,Good
3492,Good
3493,Bad
3494,Good
3495,Bad
3496,Bad
3497,Good
3498,Bad
3499,Good
3500,Good
3501,Bad
3502,Bad
3503,Bad
3504,Good
3505,Bad
3506,Bad
3507,Good
3508,Bad
3509,Bad
3510,Good
3511,Good
3512,Bad
3513,Good
3514,Bad
3515,Bad
3516,Good
3517,Good
3518,Bad
3519,Bad
3520,Bad
3521,Good
3522,Bad
3523,Bad
3524,Bad
3525,Good
3526,Bad
3527,Bad
3528,Good
3529,Good
3530,Good
3531,Good
3532,Good
3533,Bad
3534,Good
3535,Bad
3536,Bad
3537,Bad
3538,Bad
3539,Bad
3540,Good
3541,Bad
3542,Good
3543,Bad
3544,Good
3545,Bad
3546,Bad
3547,Bad
3548,Bad
3549,Good
3550,Bad
3551,Bad
3552,Bad
3553,Good
3554,Good
3555,Bad
3556,Bad
3557,Good
3558,Bad
3559,Good
3560,Good
3561,Bad
3562,Good
3563,Bad
3564,Bad
3565,Bad
3566,Good
3567,Bad
3568,Good
3569,Bad
3570,Good
3571,Good
3572,Bad
3573,Good
3574,Good
3575,Good
3576,Bad
3577,Good
3578,Good
3579,Bad
3580,Bad
3581,Bad
3582,Bad
3583,Bad
3584,Bad
3585,Bad
3586,Bad
3587,Good
3588,Bad
3589,Bad
3590,Bad
3591,Good
3592,Good
3593,Good
3594,Good
3595,Good
3596,Good
3597,Bad
3598,Good
3599,Bad
3600,Bad
3601,Bad
3602,Bad
3603,Good
3604,Bad
3605,Bad
3606,Good
3607,Bad
3608,Good
3609,Good
3610,Bad
3611,Bad
3612,Good
3613,Good
3614,Bad
3615,Good
3616,Good
3617,Bad
3618,Bad
3619,Bad
3620,Good
3621,Good
3622,Good
3623,Good
3624,Good
3625,Good
3626,Good
3627,Bad
3628,Bad
3629,Good
3630,Good
3631,Good
3632,Bad
3633,Bad
3634,Good
3635,Good
3636,Bad
3637,Bad
3638,Bad
3639,Good
3640,Good
3641,Good
3642,Good
3643,Bad
3644,Good
3645,Good
3646,Bad
3647,Good
3648,Bad
3649,Good
3650,Bad
3651,Good
3652,Good
3653,Good
3654,Bad
3655,Bad
3656,Bad
3657,Good
3658,Good
3659,Good
3660,Bad
3661,Bad
3662,Bad
3663,Good
3664,Bad
3665,Bad
3666,Bad
3667,Bad
3668,Good
3669,Bad
3670,Bad
3671,Bad
3672,Bad
3673,Bad
3674,Bad
3675,Bad
3676,Bad
3677,Bad
3678,Good
3679,Bad
3680,Good
3681,Bad
3682,Bad
3683,Bad
3684,Good
3685,Good
3686,Bad
3687,Good
3688,Good
3689,Bad
3690,Good
3691,Bad
3692,Good
3693,Good
3694,Bad
3695,Bad
3696,Good
3697,Bad
3698,Bad
3699,Bad
3700,Good
3701,Good
3702,Good
3703,Bad
3704,Bad
3705,Good
3706,Bad
3707,Bad
3708,Good
3709,Good
3710,Bad
3711,Bad
3712,Bad
3713,Bad
3714,Bad
3715,Bad
3716,Bad
3717,Bad
3718,Bad
3719,Bad
3720,Good
3721,Bad
3722,Good
3723,Good
3724,Bad
3725,Good
3726,Good
3727,Good
3728,Bad
3729,Good
3730,Bad
3731,Bad
3732,Bad
3733,Bad
3734,Bad
3735,Bad
3736,Bad
3737,Bad
3738,Bad
3739,Good
3740,Bad
3741,Bad
3742,Bad
3743,Good
3744,Bad
3745,Good
3746,Good
3747,Bad
3748,Good
3749,Bad
3750,Good
3751,Good
3752,Good
3753,Bad
3754,Good
3755,Bad
3756,Good
3757,Bad
3758,Good
3759,Bad
3760,Bad
3761,Bad
3762,Good
3763,Good
3764,Bad
3765,Bad
3766,Good
3767,Good
3768,Good
3769,Bad
3770,Bad
3771,Good
3772,Good
3773,Good
3774,Bad
3775,Good
3776,Good
3777,Bad
3778,Bad
3779,Good
3780,Bad
3781,Bad
3782,Bad
3783,Good
3784,Good
3785,Bad
3786,Bad
3787,Bad
3788,Good
3789,Bad
3790,Bad
3791,Good
3792,Bad
3793,Bad
3794,Good
3795,Bad
3796,Bad
3797,Good
3798,Good
3799,Bad
3800,Good
3801,Bad
3802,Good
3803,Good
3804,Good
3805,Bad
3806,Good
3807,Good
3808,Good
3809,Good
3810,Good
3811,Good
3812,Bad
3813,Bad
3814,Bad
3815,Good
3816,Bad
3817,Good
3818,Good
3819,Bad
3820,Good
3821,Bad
3822,Bad
3823,Bad
3824,Bad
3825,Bad
3826,Good
3827,Bad
3828,Bad
3829,Good
3830,Good
3831,Bad
3832,Bad
3833,Good
3834,Bad
3835,Good
3836,Bad
3837,Good
3838,Bad
3839,Good
3840,Bad
3841,Bad
3842,Bad
3843,Bad
3844,Bad
3845,Bad
3846,Bad
3847,Good
3848,Good
3849,Bad
3850,Good
3851,Good
3852,Good
3853,Good
3854,Bad
3855,Good
3856,Good
3857,Bad
3858,Good
3859,Good
3860,Good
3861,Good
3862,Good
3863,Good
3864,Bad
3865,Good
3866,Bad
3867,Good
3868,Good
3869,Bad
3870,Good
3871,Bad
3872,Bad
3873,Good
3874,Good
3875,Good
3876,Bad
3877,Bad
3878,Good
3879,Bad
3880,Bad
3881,Good
3882,Bad
3883,Good
3884,Bad
3885,Bad
3886,Bad
3887,Bad
3888,Bad
3889,Bad
3890,Good
3891,Good
3892,Good
3893,Good
3894,Bad
3895,Good
3896,Bad
3897,Good
3898,Good
3899,Bad
3900,Bad
3901,Good
3902,Bad
3903,Bad
3904,Bad
3905,Good
3906,Bad
3907,Bad
3908,Good
3909,Bad
3910,Bad
3911,Bad
3912,Bad
3913,Good
3914,Bad
3915,Bad
3916,Bad
3917,Bad
3918,Good
3919,Bad
3920,Bad
3921,Good
3922,Good
3923,Bad
3924,Good
3925,Good
3926,Good
3927,Good
3928,Bad
3929,Good
3930,Good
3931,Bad
3932,Bad
3933,Good
3934,Good
3935,Bad
3936,Bad
3937,Bad
3938,Bad
3939,Good
3940,Bad
3941,Bad
3942,Bad
3943,Bad
3944,Good
3945,Good
3946,Good
3947,Good
3948,Good
3949,Good
3950,Bad
3951,Bad
3952,Bad
3953,Good
3954,Good
3955,Good
3956,Good
3957,Good
3958,Bad
3959,Bad
3960,Good
3961,Good
3962,Bad
3963,Good
3964,Good
3965,Good
3966,Good
3967,Good
3968,Bad
3969,Good
3970,Bad
3971,Good
3972,Good
3973,Bad
3974,Good
3975,Bad
3976,Bad
3977,Bad
3978,Good
3979,Good
3980,Bad
3981,Good
3982,Bad
3983,Bad
3984,Good
3985,Good
3986,Good
3987,Good
3988,Bad
3989,Good
3990,Bad
3991,Good
3992,Good
3993,Bad
3994,Good
3995,Bad
3996,Bad
3997,Bad
3998,Good
3999,Good
4000,Bad
4001,Bad
4002,Bad
4003,Good
4004,Bad
4005,Bad
4006,Bad
4007,Bad
4008,Bad
4009,Bad
4010,Bad
4011,Good
4012,Good
4013,Bad
4014,Bad
4015,Bad
4016,Bad
4017,Good
4018,Good
4019,Bad
4020,Bad
4021,Good
4022,Good
4023,Bad
4024,Good
4025,Bad
4026,Bad
4027,Good
4028,Good
4029,Good
4030,Bad
4031,Bad
4032,Good
4033,Good
4034,Bad
4035,Bad
4036,Bad
4037,Bad
4038,Bad
4039,Bad
4040,Good
4041,Bad
4042,Bad
4043,Bad
4044,Bad
4045,Bad
4046,Good
4047,Bad
4048,Bad
4049,Bad
4050,Bad
4051,Bad
4052,Good
4053,Good
4054,Bad
4055,Bad
4056,Bad
4057,Bad
4058,Bad
4059,Good
4060,Good
4061,Good
4062,Good
4063,Bad
4064,Good
4065,Bad
4066,Good
4067,Good
4068,Good
4069,Bad
4070,Bad
4071,Good
4072,Bad
4073,Good
4074,Good
4075,Good
4076,Bad
4077,Good
4078,Good
4079,Bad
4080,Bad
4081,Good
4082,Bad
4083,Good
4084,Good
4085,Bad
4086,Bad
4087,Bad
4088,Bad
4089,Bad
4090,Good
4091,Good
4092,Good
4093,Bad
4094,Good
4095,Bad
4096,Bad
4097,Good
4098,Good
4099,Good
4100,Bad
4101,Good
4102,Bad
4103,Bad
4104,Good
4105,Bad
4106,Good
4107,Bad
4108,Good
4109,Bad
4110,Good
4111,Bad
4112,Good
4113,Good
4114,Bad
4115,Good
4116,Good
4117,Good
4118,Bad
4119,Good
4120,Bad
4121,Good
4122,Good
4123,Good
4124,Bad
4125,Bad
4126,Bad
4127,Good
4128,Bad
4129,Bad
4130,Bad
4131,Good
4132,Good
4133,Good
4134,Bad
4135,Bad
4136,Bad
4137,Bad
4138,Good
4139,Good
4140,Good
4141,Good
4142,Bad
4143,Good
4144,Good
4145,Good
4146,Bad
4147,Bad
4148,Good
4149,Bad
4150,Bad
4151,Bad
4152,Bad
4153,Good
4154,Bad
4155,Good
4156,Good
4157,Good
4158,Good
4159,Good
4160,Good
4161,Good
4162,Good
4163,Good
4164,Bad
4165,Good
4166,Good
4167,Bad
4168,Good
4169,Bad
4170,Bad
4171,Bad
4172,Good
4173,Good
4174,Bad
4175,Good
4176,Good
4177,Good
4178,Bad
4179,Bad
4180,Bad
4181,Good
4182,Bad
4183,Bad
4184,Good
4185,Bad
4186,Good
4187,Bad
4188,Good
4189,Bad
4190,Bad
4191,Good
4192,Good
4193,Bad
4194,Good
4195,Good
4196,Good
4197,Good
4198,Good
4199,Bad
4200,Good
4201,Bad
4202,Good
4203,Bad
4204,Bad
4205,Good
4206,Good
4207,Bad
4208,Good
4209,Good
4210,Bad
4211,Good
4212,Good
4213,Bad
4214,Bad
4215,Bad
4216,Bad
4217,Good
4218,Good
4219,Bad
4220,Bad
4221,Bad
4222,Bad
4223,Good
4224,Good
4225,Good
4226,Bad
4227,Bad
4228,Good
4229,Good
4230,Bad
4231,Good
4232,Good
4233,Good
4234,Bad
4235,Good
4236,Good
4237,Good
4238,Bad
4239,Good
4240,Good
4241,Bad
4242,Bad
4243,Bad
4244,Good
4245,Bad
4246,Bad
4247,Good
4248,Bad
4249,Bad
4250,Good
4251,Good
4252,Bad
4253,Bad
4254,Good
4255,Bad
4256,Bad
4257,Good
4258,Bad
4259,Good
4260,Bad
4261,Good
4262,Bad
4263,Bad
4264,Good
4265,Bad
4266,Good
4267,Bad
4268,Good
4269,Good
4270,Bad
4271,Good
4272,Bad
4273,Bad
4274,Good
4275,Good
4276,Good
4277,Bad
4278,Good
4279,Bad
4280,Good
4281,Good
4282,Bad
4283,Bad
4284,Bad
4285,Good
4286,Good
4287,Good
4288,Bad
4289,Good
4290,Good
4291,Good
4292,Good
4293,Bad
4294,Good
4295,Good
4296,Bad
4297,Good
4298,Bad
4299,Bad
4300,Bad
4301,Bad
4302,Good
4303,Good
4304,Bad
4305,Bad
4306,Bad
4307,Bad
4308,Good
4309,Good
4310,Bad
4311,Bad
4312,Good
4313,Good
4314,Bad
4315,Good
4316,Bad
4317,Bad
4318,Bad
4319,Good
4320,Good
4321,Bad
4322,Bad
4323,Good
4324,Bad
4325,Bad
4326,Bad
4327,Good
4328,Bad
4329,Good
4330,Bad
4331,Good
4332,Bad
4333,Bad
4334,Good
4335,Bad
4336,Good
4337,Good
4338,Bad
4339,Bad
4340,Bad
4341,Bad
4342,Good
4343,Bad
4344,Good
4345,Good
4346,Good
4347,Good
4348,Bad
4349,Good
4350,Good
4351,Good
4352,Bad
4353,Bad
4354,Bad
4355,Bad
4356,Bad
4357,Bad
4358,Bad
4359,Bad
4360,Good
4361,Good
4362,Bad
4363,Bad
4364,Bad
4365,Good
4366,Good
4367,Bad
4368,Good
4369,Good
4370,Good
4371,Bad
4372,Good
4373,Good
4374,Good
4375,Bad
4376,Bad
4377,Good
4378,Bad
4379,Bad
4380,Good
4381,Good
4382,Good
4383,Good
4384,Good
4385,Bad
4386,Bad
4387,Bad
4388,Good
4389,Good
4390,Good
4391,Good
4392,Bad
4393,Good
4394,Good
4395,Good
4396,Bad
4397,Good
4398,Bad
4399,Bad
4400,Good
4401,Bad
4402,Bad
4403,Good
4404,Good
4405,Good
4406,Good
4407,Bad
4408,Bad
4409,Bad
4410,Bad
4411,Bad
4412,Good
4413,Bad
4414,Good
4415,Bad
4416,Good
4417,Bad
4418,Bad
4419,Good
4420,Good
4421,Good
4422,Bad
4423,Good
4424,Good
4425,Bad
4426,Good
4427,Good
4428,Bad
4429,Bad
4430,Bad
4431,Bad
4432,Good
4433,Good
4434,Good
4435,Good
4436,Good
4437,Bad
4438,Good
4439,Good
4440,Bad
4441,Good
4442,Good
4443,Good
4444,Bad
4445,Good
4446,Bad
4447,Bad
4448,Good
4449,Good
4450,Bad
4451,Bad
4452,Good
4453,Bad
4454,Bad
4455,Bad
4456,Bad
4457,Bad
4458,Bad
4459,Bad
4460,Bad
4461,Bad
4462,Good
4463,Bad
4464,Good
4465,Good
4466,Bad
4467,Bad
4468,Good
4469,Good
4470,Bad
4471,Bad
4472,Bad
4473,Bad
4474,Bad
4475,Good
4476,Good
4477,Good
4478,Good
4479,Good
4480,Good
4481,Good
4482,Bad
4483,Bad
4484,Good
4485,Bad
4486,Bad
4487,Good
4488,Good
4489,Bad
4490,Bad
4491,Bad
4492,Good
4493,Good
4494,Bad
4495,Bad
4496,Good
4497,Bad
4498,Bad
4499,Good
4500,Bad
4501,Good
4502,Good
4503,Bad
4504,Bad
4505,Bad
4506,Bad
4507,Bad
4508,Good
4509,Good
4510,Bad
4511,Bad
4512,Bad
4513,Good
4514,Good
4515,Good
4516,Bad
4517,Bad
4518,Bad
4519,Bad
4520,Bad
4521,Good
4522,Good
4523,Good
4524,Bad
4525,Bad
4526,Good
4527,Bad
4528,Good
4529,Good
4530,Good
4531,Bad
4532,Good
4533,Bad
4534,Bad
4535,Bad
4536,Bad
4537,Good
4538,Bad
4539,Good
4540,Bad
4541,Bad
4542,Good
4543,Good
4544,Bad
4545,Good
4546,Good
4547,Bad
4548,Good
4549,Bad
4550,Good
4551,Bad
4552,Bad
4553,Good
4554,Bad
4555,Bad
4556,Bad
4557,Good
4558,Bad
4559,Good
4560,Bad
4561,Good
4562,Bad
4563,Good
4564,Bad
4565,Good
4566,Good
4567,Bad
4568,Good
4569,Bad
4570,Good
4571,Good
4572,Good
4573,Good
4574,Good
4575,Bad
4576,Bad
4577,Good
4578,Good
4579,Bad
4580,Good
4581,Bad
4582,Good
4583,Good
4584,Good
4585,Good
4586,Bad
4587,Good
4588,Bad
4589,Bad
4590,Bad
4591,Bad
4592,Bad
4593,Bad
4594,Good
4595,Bad
4596,Good
4597,Bad
4598,Good
4599,Bad
4600,Good
4601,Bad
4602,Good
4603,Good
4604,Bad
4605,Good
4606,Good
4607,Bad
4608,Good
4609,Good
4610,Bad
4611,Good
4612,Good
4613,Bad
4614,Bad
4615,Bad
4616,Bad
4617,Good
4618,Good
4619,Good
4620,Good
4621,Bad
4622,Good
4623,Bad
4624,Good
4625,Good
4626,Good
4627,Good
4628,Good
4629,Bad
4630,Bad
4631,Bad
4632,Good
4633,Good
4634,Good
4635,Good
4636,Bad
4637,Good
4638,Good
4639,Bad
4640,Bad
4641,Bad
4642,Bad
4643,Good
4644,Bad
4645,Good
4646,Good
4647,Bad
4648,Bad
4649,Good
4650,Bad
4651,Bad
4652,Bad
4653,Bad
4654,Bad
4655,Bad
4656,Good
4657,Good
4658,Bad
4659,Bad
4660,Good
4661,Bad
4662,Bad
4663,Good
4664,Good
4665,Bad
4666,Bad
4667,Good
4668,Good
4669,Good
4670,Good
4671,Good
4672,Bad
4673,Bad
4674,Good
4675,Bad
4676,Bad
4677,Good
4678,Bad
4679,Good
4680,Bad
4681,Good
4682,Good
4683,Good
4684,Bad
4685,Bad
4686,Bad
4687,Bad
4688,Good
4689,Good
4690,Bad
4691,Good
4692,Bad
4693,Bad
4694,Good
4695,Bad
4696,Bad
4697,Bad
4698,Good
4699,Bad
4700,Bad
4701,Good
4702,Bad
4703,Bad
4704,Good
4705,Bad
4706,Bad
4707,Good
4708,Bad
4709,Good
4710,Good
4711,Bad
4712,Bad
4713,Bad
4714,Good
4715,Good
4716,Bad
4717,Good
4718,Good
4719,Bad
4720,Bad
4721,Bad
4722,Good
4723,Bad
4724,Bad
4725,Good
4726,Bad
4727,Bad
4728,Bad
4729,Good
4730,Bad
4731,Good
4732,Bad
4733,Good
4734,Bad
4735,Good
4736,Good
4737,Bad
4738,Bad
4739,Good
4740,Bad
4741,Good
4742,Bad
4743,Good
4744,Bad
4745,Bad
4746,Bad
4747,Good
4748,Good
4749,Good
4750,Bad
4751,Bad
4752,Good
4753,Good
4754,Bad
4755,Bad
4756,Bad
4757,Good
4758,Bad
4759,Good
4760,Good
4761,Bad
4762,Good
4763,Bad
4764,Bad
4765,Good
4766,Good
4767,Bad
4768,Bad
4769,Good
4770,Good
4771,Bad
4772,Good
4773,Bad
4774,Good
4775,Good
4776,Bad
4777,Good
4778,Good
4779,Bad
4780,Good
4781,Good
4782,Bad
4783,Good
4784,Good
4785,Good
4786,Good
4787,Good
4788,Bad
4789,Good
4790,Bad
4791,Bad
4792,Good
4793,Good
4794,Bad
4795,Bad
4796,Good
4797,Good
4798,Good
4799,Bad
4800,Bad
4801,Good
4802,Good
4803,Good
4804,Good
4805,Bad
4806,Bad
4807,Bad
4808,Bad
4809,Bad
4810,Bad
4811,Bad
4812,Good
4813,Bad
4814,Bad
4815,Bad
4816,Bad
4817,Bad
4818,Bad
4819,Bad
4820,Good
4821,Bad
4822,Good
4823,Good
4824,Bad
4825,Bad
4826,Bad
4827,Good
4828,Good
4829,Bad
4830,Good
4831,Bad
4832,Good
4833,Good
4834,Bad
4835,Good
4836,Bad
4837,Good
4838,Good
4839,Bad
4840,Bad
4841,Bad
4842,Good
4843,Bad
4844,Good
4845,Good
4846,Bad
4847,Good
4848,Bad
4849,Good
4850,Bad
4851,Good
4852,Bad
4853,Bad
4854,Good
4855,Bad
4856,Bad
4857,Good
4858,Bad
4859,Bad
4860,Bad
4861,Bad
4862,Good
4863,Good
4864,Bad
4865,Good
4866,Good
4867,Bad
4868,Bad
4869,Good
4870,Good
4871,Bad
4872,Good
4873,Bad
4874,Bad
4875,Bad
4876,Bad
4877,Good
4878,Bad
4879,Good
4880,Good
4881,Bad
4882,Bad
4883,Good
4884,Bad
4885,Bad
4886,Bad
4887,Bad
4888,Bad
4889,Bad
4890,Bad
4891,Good
4892,Bad
4893,Good
4894,Bad
4895,Bad
4896,Good
4897,Bad
4898,Bad
4899,Good
4900,Good
4901,Bad
4902,Good
4903,Good
4904,Bad
4905,Bad
4906,Good
4907,Good
4908,Good
4909,Bad
4910,Good
4911,Bad
4912,Good
4913,Bad
4914,Bad
4915,Bad
4916,Good
4917,Bad
4918,Good
4919,Bad
4920,Bad
4921,Good
4922,Bad
4923,Bad
4924,Good
4925,Bad
4926,Bad
4927,Good
4928,Good
4929,Bad
4930,Good
4931,Good
4932,Bad
4933,Bad
4934,Bad
4935,Bad
4936,Bad
4937,Good
4938,Bad
4939,Good
4940,Bad
4941,Good
4942,Good
4943,Bad
4944,Bad
4945,Good
4946,Bad
4947,Bad
4948,Good
4949,Good
4950,Bad
4951,Bad
4952,Good
4953,Good
4954,Bad
4955,Bad
4956,Good
4957,Good
4958,Bad
4959,Good
4960,Good
4961,Bad
4962,Bad
4963,Good
4964,Good
4965,Good
4966,Bad
4967,Bad
4968,Good
4969,Good
4970,Bad
4971,Bad
4972,Good
4973,Bad
4974,Good
4975,Bad
4976,Good
4977,Good
4978,Bad
4979,Good
4980,Good
4981,Bad
4982,Bad
4983,Bad
4984,Bad
4985,Good
4986,Good
4987,Bad
4988,Good
4989,Good
4990,Good
4991,Good
4992,Bad
4993,Bad
4994,Bad
4995,Good
4996,Bad
4997,Bad
4998,Good
4999,Bad
5000,Bad
5001,Good
5002,Good
5003,Bad
5004,Good
5005,Good
5006,Bad
5007,Good
5008,Good
5009,Good
5010,Good
5011,Good
5012,Good
5013,Bad
5014,Good
5015,Good
5016,Bad
5017,Good
5018,Bad
5019,Bad
5020,Bad
5021,Bad
5022,Good
5023,Good
5024,Bad
5025,Bad
5026,Bad
5027,Good
5028,Good
5029,Bad
5030,Bad
5031,Good
5032,Bad
5033,Good
5034,Bad
5035,Good
5036,Bad
5037,Good
5038,Good
5039,Bad
5040,Good
5041,Bad
5042,Good
5043,Good
5044,Good
5045,Bad
5046,Good
5047,Bad
5048,Bad
5049,Bad
5050,Good
5051,Bad
5052,Good
5053,Good
5054,Bad
5055,Bad
5056,Good
5057,Good
5058,Bad
5059,Good
5060,Good
5061,Good
5062,Bad
5063,Good
5064,Bad
5065,Good
5066,Good
5067,Bad
5068,Good
5069,Bad
5070,Bad
5071,Bad
5072,Good
5073,Bad
5074,Bad
5075,Bad
5076,Bad
5077,Good
5078,Good
5079,Good
5080,Good
5081,Bad
5082,Bad
5083,Bad
5084,Bad
5085,Bad
5086,Bad
5087,Bad
5088,Good
5089,Bad
5090,Bad
5091,Good
5092,Good
5093,Good
5094,Bad
5095,Bad
5096,Bad
5097,Good
5098,Bad
5099,Bad
5100,Bad
5101,Good
5102,Bad
5103,Good
5104,Good
5105,Bad
5106,Bad
5107,Good
5108,Bad
5109,Bad
5110,Good
5111,Bad
5112,Bad
5113,Bad
5114,Good
5115,Bad
5116,Good
5117,Bad
5118,Good
5119,Good
5120,Bad
5121,Good
5122,Good
5123,Bad
5124,Good
5125,Good
5126,Good
5127,Bad
5128,Good
5129,Bad
5130,Good
5131,Good
5132,Bad
5133,Good
5134,Bad
5135,Bad
5136,Good
5137,Bad
5138,Bad
5139,Bad
5140,Bad
5141,Bad
5142,Bad
5143,Good
5144,Good
5145,Good
5146,Good
5147,Good
5148,Good
5149,Good
5150,Good
5151,Bad
5152,Good
5153,Bad
5154,Bad
5155,Bad
5156,Good
5157,Bad
5158,Good
5159,Bad
5160,Good
5161,Bad
5162,Good
5163,Good
5164,Bad
5165,Good
5166,Good
5167,Good
5168,Good
5169,Bad
5170,Good
5171,Bad
5172,Good
5173,Good
5174,Bad
5175,Bad
5176,Good
5177,Bad
5178,Bad
5179,Bad
5180,Good
5181,Good
5182,Good
5183,Bad
5184,Good
5185,Good
5186,Good
5187,Good
5188,Bad
5189,Good
5190,Good
5191,Good
5192,Bad
5193,Bad
5194,Bad
5195,Bad
5196,Good
5197,Good
5198,Bad
5199,Bad
5200,Good
5201,Good
5202,Bad
5203,Bad
5204,Bad
5205,Bad
5206,Bad
5207,Bad
5208,Bad
5209,Good
5210,Bad
5211,Bad
5212,Good
5213,Bad
5214,Bad
5215,Good
5216,Good
5217,Good
5218,Good
5219,Bad
5220,Bad
5221,Good
5222,Bad
5223,Good
5224,Bad
5225,Bad
5226,Good
5227,Good
5228,Good
5229,Bad
5230,Good
5231,Bad
5232,Bad
5233,Bad
5234,Bad
5235,Good
5236,Good
5237,Bad
5238,Good
5239,Good
5240,Bad
5241,Bad
5242,Bad
5243,Good
5244,Good
5245,Bad
5246,Good
5247,Good
5248,Bad
5249,Good
5250,Good
5251,Good
5252,Bad
5253,Bad
5254,Bad
5255,Bad
5256,Good
5257,Bad
5258,Bad
5259,Bad
5260,Good
5261,Good
5262,Bad
5263,Bad
5264,Bad
5265,Good
5266,Good
5267,Bad
5268,Bad
5269,Good
5270,Bad
5271,Good
5272,Bad
5273,Bad
5274,Bad
5275,Good
5276,Good
5277,Good
5278,Bad
5279,Bad
5280,Good
5281,Good
5282,Bad
5283,Good
5284,Good
5285,Good
5286,Bad
5287,Good
5288,Bad
5289,Bad
5290,Bad
5291,Bad
5292,Bad
5293,Bad
5294,Bad
5295,Bad
5296,Good
5297,Bad
5298,Good
5299,Bad
5300,Good
5301,Bad
5302,Bad
5303,Bad
5304,Good
5305,Good
5306,Good
5307,Good
5308,Good
5309,Good
5310,Good
5311,Bad
5312,Bad
5313,Good
5314,Good
5315,Good
5316,Bad
5317,Good
5318,Good
5319,Bad
5320,Good
5321,Bad
5322,Bad
5323,Good
5324,Good
5325,Bad
5326,Bad
5327,Good
5328,Bad
5329,Bad
5330,Bad
5331,Bad
5332,Bad
5333,Good
5334,Good
5335,Bad
5336,Good
5337,Good
5338,Bad
5339,Bad
5340,Bad
5341,Good
5342,Good
5343,Good
5344,Good
5345,Bad
5346,Bad
5347,Bad
5348,Bad
5349,Good
5350,Good
5351,Bad
5352,Good
5353,Bad
5354,Good
5355,Good
5356,Good
5357,Bad
5358,Good
5359,Bad
5360,Good
5361,Bad
5362,Bad
5363,Good
5364,Bad
5365,Good
5366,Bad
5367,Good
5368,Bad
5369,Good
5370,Good
5371,Good
5372,Good
5373,Good
5374,Good
5375,Bad
5376,Good
5377,Good
5378,Bad
5379,Bad
5380,Bad
5381,Good
5382,Good
5383,Good
5384,Bad
5385,Bad
5386,Bad
5387,Good
5388,Bad
5389,Good
5390,Good
5391,Bad
5392,Good
5393,Bad
5394,Good
5395,Good
5396,Bad
5397,Good
5398,Good
5399,Good
5400,Bad
5401,Bad
5402,Good
5403,Good
5404,Bad
5405,Good
5406,Good
5407,Bad
5408,Good
5409,Bad
5410,Bad
5411,Bad
5412,Good
5413,Good
5414,Bad
5415,Good
5416,Bad
5417,Bad
5418,Bad
5419,Bad
5420,Good
5421,Bad
5422,Bad
5423,Bad
5424,Good
5425,Good
5426,Good
5427,Bad
5428,Good
5429,Bad
5430,Bad
5431,Good
5432,Bad
5433,Good
5434,Bad
5435,Good
5436,Bad
5437,Bad
5438,Good
5439,Good
5440,Bad
5441,Bad
5442,Bad
5443,Good
5444,Good
5445,Bad
5446,Good
5447,Bad
5448,Good
5449,Bad
5450,Bad
5451,Good
5452,Bad
5453,Bad
5454,Good
5455,Bad
5456,Good
5457,Good
5458,Good
5459,Bad
5460,Good
5461,Bad
5462,Bad
5463,Bad
5464,Bad
5465,Good
5466,Good
5467,Good
5468,Bad
5469,Good
5470,Good
5471,Bad
5472,Good
5473,Good
5474,Bad
5475,Bad
5476,Bad
5477,Good
5478,Bad
5479,Good
5480,Good
5481,Good
5482,Bad
5483,Bad
5484,Good
5485,Good
5486,Good
5487,Good
5488,Good
5489,Good
5490,Good
5491,Bad
5492,Good
5493,Good
5494,Bad
5495,Good
5496,Good
5497,Bad
5498,Bad
5499,Good
5500,Good
5501,Good
5502,Good
5503,Bad
5504,Bad
5505,Bad
5506,Bad
5507,Bad
5508,Good
5509,Good
5510,Good
5511,Good
5512,Bad
5513,Bad
5514,Good
5515,Bad
5516,Bad
5517,Bad
5518,Good
5519,Bad
5520,Good
5521,Good
5522,Good
5523,Good
5524,Good
5525,Bad
5526,Bad
5527,Bad
5528,Bad
5529,Good
5530,Good
5531,Good
5532,Bad
5533,Good
5534,Good
5535,Good
5536,Bad
5537,Good
5538,Bad
5539,Good
5540,Bad
5541,Bad
5542,Good
5543,Bad
5544,Bad
5545,Bad
5546,Bad
5547,Good
5548,Bad
5549,Good
5550,Bad
5551,Bad
5552,Good
5553,Good
5554,Bad
5555,Bad
5556,Good
5557,Bad
5558,Good
5559,Bad
5560,Good
5561,Good
5562,Good
5563,Good
5564,Good
5565,Bad
5566,Good
5567,Bad
5568,Bad
5569,Bad
5570,Good
5571,Good
5572,Bad
5573,Good
5574,Good
5575,Good
5576,Bad
5577,Good
5578,Good
5579,Bad
5580,Good
5581,Bad
5582,Bad
5583,Good
5584,Bad
5585,Bad
5586,Good
5587,Bad
5588,Bad
5589,Good
5590,Bad
5591,Bad
5592,Bad
5593,Bad
5594,Bad
5595,Bad
5596,Bad
5597,Good
5598,Bad
5599,Bad
5600,Good
5601,Bad
5602,Good
5603,Good
5604,Bad
5605,Good
5606,Good
5607,Good
5608,Bad
5609,Good
5610,Good
5611,Bad
5612,Good
5613,Bad
5614,Bad
5615,Good
5616,Bad
5617,Good
5618,Bad
5619,Bad
5620,Bad
5621,Good
5622,Good
5623,Good
5624,Bad
5625,Good
5626,Good
5627,Bad
5628,Bad
5629,Bad
5630,Good
5631,Good
5632,Bad
5633,Bad
5634,Good
5635,Bad
5636,Bad
5637,Good
5638,Bad
5639,Bad
5640,Bad
5641,Good
5642,Bad
5643,Good
5644,Bad
5645,Bad
5646,Bad
5647,Bad
5648,Bad
5649,Good
5650,Bad
5651,Bad
5652,Bad
5653,Bad
5654,Good
5655,Bad
5656,Bad
5657,Bad
5658,Bad
5659,Bad
5660,Bad
5661,Good
5662,Good
5663,Bad
5664,Good
5665,Good
5666,Bad
5667,Good
5668,Good
5669,Good
5670,Bad
5671,Bad
5672,Good
5673,Bad
5674,Good
5675,Bad
5676,Good
5677,Good
5678,Bad
5679,Good
5680,Good
5681,Good
5682,Bad
5683,Good
5684,Bad
5685,Good
5686,Bad
5687,Good
5688,Bad
5689,Bad
5690,Good
5691,Good
5692,Good
5693,Good
5694,Bad
5695,Bad
5696,Bad
5697,Bad
5698,Good
5699,Bad
5700,Bad
5701,Good
5702,Bad
5703,Bad
5704,Bad
5705,Bad
5706,Bad
5707,Good
5708,Good
5709,Good
5710,Good
5711,Bad
5712,Good
5713,Good
5714,Good
5715,Bad
5716,Bad
5717,Bad
5718,Bad
5719,Bad
5720,Good
5721,Bad
5722,Good
5723,Bad
5724,Bad
5725,Good
5726,Good
5727,Bad
5728,Bad
5729,Bad
5730,Good
5731,Bad
5732,Good
5733,Bad
5734,Good
5735,Bad
5736,Good
5737,Good
5738,Good
5739,Good
5740,Bad
5741,Bad
5742,Good
5743,Good
5744,Good
5745,Bad
5746,Good
5747,Good
5748,Good
5749,Good
5750,Good
5751,Good
5752,Bad
5753,Good
5754,Good
5755,Good
5756,Good
5757,Bad
5758,Bad
5759,Bad
5760,Good
5761,Bad
5762,Bad
5763,Bad
5764,Bad
5765,Bad
5766,Good
5767,Bad
5768,Good
5769,Bad
5770,Good
5771,Good
5772,Bad
5773,Bad
5774,Good
5775,Bad
5776,Bad
5777,Bad
5778,Good
5779,Good
5780,Bad
5781,Bad
5782,Good
5783,Bad
5784,Good
5785,Bad
5786,Bad
5787,Bad
5788,Good
5789,Good
5790,Bad
5791,Bad
5792,Bad
5793,Good
5794,Bad
5795,Bad
5796,Bad
5797,Good
5798,Bad
5799,Bad
5800,Good
5801,Bad
5802,Good
5803,Bad
5804,Bad
5805,Bad
5806,Good
5807,Bad
5808,Bad
5809,Bad
5810,Good
5811,Good
5812,Good
5813,Bad
5814,Bad
5815,Bad
5816,Good
5817,Good
5818,Bad
5819,Bad
5820,Bad
5821,Good
5822,Bad
5823,Bad
5824,Bad
5825,Bad
5826,Good
5827,Bad
5828,Good
5829,Good
5830,Bad
5831,Good
5832,Bad
5833,Good
5834,Bad
5835,Good
5836,Bad
5837,Bad
5838,Bad
5839,Good
5840,Good
5841,Bad
5842,Bad
5843,Good
5844,Bad
5845,Bad
5846,Good
5847,Bad
5848,Good
5849,Good
5850,Bad
5851,Bad
5852,Bad
5853,Good
5854,Bad
5855,Bad
5856,Good
5857,Bad
5858,Good
5859,Good
5860,Bad
5861,Bad
5862,Bad
5863,Good
5864,Bad
5865,Good
5866,Good
5867,Good
5868,Good
5869,Bad
5870,Good
5871,Bad
5872,Good
5873,Bad
5874,Good
5875,Bad
5876,Bad
5877,Good
5878,Bad
5879,Good
5880,Bad
5881,Good
5882,Bad
5883,Good
5884,Bad
5885,Good
5886,Bad
5887,Good
5888,Bad
5889,Good
5890,Bad
5891,Good
5892,Bad
5893,Bad
5894,Bad
5895,Bad
5896,Good
5897,Bad
5898,Bad
5899,Good
5900,Good
5901,Good
5902,Bad
5903,Good
5904,Bad
5905,Bad
5906,Good
5907,Good
5908,Good
5909,Good
5910,Bad
5911,Bad
5912,Bad
5913,Bad
5914,Good
5915,Bad
5916,Good
5917,Good
5918,Good
5919,Bad
5920,Good
5921,Good
5922,Bad
5923,Bad
5924,Good
5925,Good
5926,Good
5927,Bad
5928,Bad
5929,Good
5930,Good
5931,Bad
5932,Bad
5933,Bad
5934,Good
5935,Bad
5936,Bad
5937,Good
5938,Bad
5939,Good
5940,Bad
5941,Bad
5942,Good
5943,Good
5944,Bad
5945,Good
5946,Good
5947,Bad
5948,Good
5949,Bad
5950,Good
5951,Bad
5952,Bad
5953,Bad
5954,Bad
5955,Good
5956,Bad
5957,Good
5958,Bad
5959,Good
5960,Good
5961,Good
5962,Bad
5963,Bad
5964,Bad
5965,Good
5966,Bad
5967,Bad
5968,Bad
5969,Bad
5970,Bad
5971,Good
5972,Good
5973,Bad
5974,Good
5975,Bad
5976,Bad
5977,Bad
5978,Good
5979,Good
5980,Good
5981,Bad
5982,Bad
5983,Bad
5984,Bad
5985,Good
5986,Bad
5987,Good
5988,Bad
5989,Bad
5990,Good
5991,Bad
5992,Good
5993,Bad
5994,Bad
5995,Bad
5996,Good
5997,Good
5998,Bad
5999,Good
6000,Good
6001,Good
6002,Bad
6003,Good
6004,Bad
6005,Bad
6006,Bad
6007,Good
6008,Good
6009,Good
6010,Bad
6011,Good
6012,Good
6013,Bad
6014,Good
6015,Bad
6016,Good
6017,Good
6018,Good
6019,Bad
6020,Bad
6021,Bad
6022,Bad
6023,Bad
6024,Bad
6025,Bad
6026,Good
6027,Good
6028,Bad
6029,Good
6030,Bad
6031,Bad
6032,Bad
6033,Bad
6034,Good
6035,Good
6036,Bad
6037,Bad
6038,Bad
6039,Bad
6040,Good
6041,Good
6042,Good
6043,Bad
6044,Good
6045,Good
6046,Bad
6047,Bad
6048,Good
6049,Good
6050,Bad
6051,Bad
6052,Good
6053,Bad
6054,Bad
6055,Bad
6056,Bad
6057,Bad
6058,Good
6059,Good
6060,Bad
6061,Bad
6062,Bad
6063,Bad
6064,Bad
6065,Bad
6066,Bad
6067,Bad
6068,Bad
6069,Good
6070,Bad
6071,Bad
6072,Bad
6073,Good
6074,Good
6075,Bad
6076,Bad
6077,Good
6078,Good
6079,Bad
6080,Bad
6081,Good
6082,Good
6083,Bad
6084,Good
6085,Good
6086,Bad
6087,Good
6088,Good
6089,Bad
6090,Good
6091,Good
6092,Bad
6093,Bad
6094,Good
6095,Bad
6096,Good
6097,Bad
6098,Good
6099,Bad
6100,Bad
6101,Bad
6102,Bad
6103,Good
6104,Bad
6105,Bad
6106,Good
6107,Bad
6108,Good
6109,Good
6110,Good
6111,Good
6112,Good
6113,Good
6114,Bad
6115,Good
6116,Good
6117,Bad
6118,Bad
6119,Bad
6120,Bad
6121,Bad
6122,Good
6123,Good
6124,Bad
6125,Bad
6126,Good
6127,Good
6128,Good
6129,Good
6130,Good
6131,Good
6132,Bad
6133,Good
6134,Good
6135,Good
6136,Bad
6137,Bad
6138,Bad
6139,Good
6140,Bad
6141,Good
6142,Good
6143,Bad
6144,Bad
6145,Good
6146,Good
6147,Bad
6148,Good
6149,Good
6150,Good
6151,Good
6152,Good
6153,Good
6154,Bad
6155,Good
6156,Bad
6157,Good
6158,Bad
6159,Good
6160,Good
6161,Good
6162,Bad
6163,Bad
6164,Bad
6165,Bad
6166,Good
6167,Good
6168,Good
6169,Bad
6170,Good
6171,Bad
6172,Good
6173,Good
6174,Good
6175,Bad
6176,Bad
6177,Good
6178,Bad
6179,Bad
6180,Bad
6181,Bad
6182,Bad
6183,Bad
6184,Good
6185,Bad
6186,Bad
6187,Good
6188,Bad
6189,Good
6190,Good
6191,Good
6192,Good
6193,Bad
6194,Bad
6195,Good
6196,Good
6197,Good
6198,Bad
6199,Good
6200,Good
6201,Bad
6202,Bad
6203,Bad
6204,Bad
6205,Good
6206,Good
6207,Good
6208,Bad
6209,Bad
6210,Good
6211,Bad
6212,Good
6213,Good
6214,Good
6215,Bad
6216,Good
6217,Bad
6218,Bad
6219,Good
6220,Good
6221,Good
6222,Good
6223,Bad
6224,Bad
6225,Bad
6226,Good
6227,Bad
6228,Good
6229,Bad
6230,Good
6231,Good
6232,Good
6233,Good
6234,Bad
6235,Bad
6236,Bad
6237,Bad
6238,Good
6239,Bad
6240,Bad
6241,Bad
6242,Bad
6243,Good
6244,Bad
6245,Bad
6246,Bad
6247,Bad
6248,Good
6249,Bad
6250,Good
6251,Good
6252,Bad
6253,Good
6254,Good
6255,Good
6256,Good
6257,Good
6258,Good
6259,Good
6260,Bad
6261,Good
6262,Good
6263,Good
6264,Bad
6265,Bad
6266,Good
6267,Bad
6268,Good
6269,Good
6270,Bad
6271,Bad
6272,Bad
6273,Good
6274,Bad
6275,Good
6276,Bad
6277,Bad
6278,Bad
6279,Bad
6280,Good
6281,Good
6282,Good
6283,Bad
6284,Good
6285,Good
6286,Bad
6287,Bad
6288,Good
6289,Bad
6290,Bad
6291,Good
6292,Good
6293,Bad
6294,Good
6295,Good
6296,Good
6297,Bad
6298,Bad
6299,Bad
6300,Bad
6301,Bad
6302,Good
6303,Good
6304,Bad
6305,Bad
6306,Good
6307,Good
6308,Bad
6309,Bad
6310,Good
6311,Bad
6312,Good
6313,Bad
6314,Good
6315,Bad
6316,Bad
6317,Good
6318,Bad
6319,Bad
6320,Good
6321,Bad
6322,Good
6323,Bad
6324,Bad
6325,Bad
6326,Good
6327,Good
6328,Bad
6329,Good
6330,Good
6331,Good
6332,Good
6333,Bad
6334,Good
6335,Bad
6336,Good
6337,Bad
6338,Good
6339,Bad
6340,Good
6341,Good
6342,Good
6343,Bad
6344,Bad
6345,Bad
6346,Bad
6347,Bad
6348,Bad
6349,Good
6350,Good
6351,Good
6352,Bad
6353,Bad
6354,Bad
6355,Bad
6356,Bad
6357,Good
6358,Good
6359,Good
6360,Good
6361,Good
6362,Bad
6363,Good
6364,Good
6365,Good
6366,Good
6367,Good
6368,Bad
6369,Good
6370,Good
6371,Bad
6372,Good
6373,Bad
6374,Bad
6375,Good
6376,Bad
6377,Good
6378,Good
6379,Bad
6380,Good
6381,Bad
6382,Good
6383,Good
6384,Bad
6385,Good
6386,Bad
6387,Bad
6388,Good
6389,Good
6390,Good
6391,Bad
6392,Bad
6393,Bad
6394,Good
6395,Bad
6396,Bad
6397,Good
6398,Good
6399,Bad
6400,Bad
6401,Good
6402,Good
6403,Good
6404,Bad
6405,Bad
6406,Bad
6407,Bad
6408,Good
6409,Good
6410,Good
6411,Good
6412,Bad
6413,Bad
6414,Good
6415,Bad
6416,Good
6417,Bad
6418,Bad
6419,Good
6420,Bad
6421,Good
6422,Bad
6423,Good
6424,Good
6425,Good
6426,Bad
6427,Bad
6428,Bad
6429,Good
6430,Good
6431,Bad
6432,Good
6433,Good
6434,Bad
6435,Good
6436,Good
6437,Bad
6438,Good
6439,Bad
6440,Good
6441,Bad
6442,Good
6443,Good
6444,Good
6445,Good
6446,Good
6447,Good
6448,Bad
6449,Good
6450,Bad
6451,Good
6452,Bad
6453,Good
6454,Bad
6455,Bad
6456,Good
6457,Bad
6458,Bad
6459,Good
6460,Bad
6461,Bad
6462,Good
6463,Good
6464,Good
6465,Bad
6466,Good
6467,Good
6468,Good
6469,Good
6470,Good
6471,Bad
6472,Bad
6473,Bad
6474,Bad
6475,Good
6476,Good
6477,Good
6478,Bad
6479,Bad
6480,Good
6481,Good
6482,Bad
6483,Good
6484,Bad
6485,Good
6486,Good
6487,Good
6488,Bad
6489,Good
6490,Bad
6491,Good
6492,Bad
6493,Good
6494,Bad
6495,Bad
6496,Good
6497,Good
6498,Bad
6499,Bad
6500,Bad
6501,Good
6502,Good
6503,Bad
6504,Bad
6505,Bad
6506,Bad
6507,Bad
6508,Bad
6509,Bad
6510,Bad
6511,Bad
6512,Bad
6513,Bad
6514,Bad
6515,Good
6516,Good
6517,Bad
6518,Bad
6519,Bad
6520,Good
6521,Bad
6522,Good
6523,Bad
6524,Good
6525,Good
6526,Bad
6527,Good
6528,Bad
6529,Good
6530,Bad
6531,Bad
6532,Good
6533,Bad
6534,Bad
6535,Good
6536,Good
6537,Bad
6538,Good
6539,Bad
6540,Bad
6541,Good
6542,Good
6543,Good
6544,Good
6545,Bad
6546,Good
6547,Good
6548,Good
6549,Good
6550,Good
6551,Good
6552,Bad
6553,Bad
6554,Bad
6555,Bad
6556,Bad
6557,Good
6558,Good
6559,Bad
6560,Bad
6561,Bad
6562,Good
6563,Good
6564,Bad
6565,Good
6566,Bad
6567,Bad
6568,Good
6569,Bad
6570,Bad
6571,Good
6572,Good
6573,Bad
6574,Good
6575,Bad
6576,Good
6577,Good
6578,Bad
6579,Good
6580,Good
6581,Good
6582,Good
6583,Bad
6584,Bad
6585,Bad
6586,Good
6587,Good
6588,Bad
6589,Bad
6590,Bad
6591,Bad
6592,Bad
6593,Bad
6594,Bad
6595,Bad
6596,Good
6597,Bad
6598,Good
6599,Bad
6600,Good
6601,Good
6602,Bad
6603,Good
6604,Bad
6605,Good
6606,Good
6607,Good
6608,Bad
6609,Good
6610,Bad
6611,Bad
6612,Bad
6613,Bad
6614,Bad
6615,Bad
6616,Good
6617,Good
6618,Good
6619,Good
6620,Good
6621,Bad
6622,Good
6623,Bad
6624,Good
6625,Bad
6626,Good
6627,Good
6628,Bad
6629,Bad
6630,Good
6631,Good
6632,Bad
6633,Bad
6634,Good
6635,Bad
6636,Good
6637,Good
6638,Good
6639,Bad
6640,Bad
6641,Good
6642,Bad
6643,Bad
6644,Bad
6645,Bad
6646,Bad
6647,Bad
6648,Good
6649,Good
6650,Bad
6651,Bad
6652,Good
6653,Bad
6654,Good
6655,Bad
6656,Bad
6657,Good
6658,Good
6659,Bad
6660,Bad
6661,Bad
6662,Bad
6663,Bad
6664,Good
6665,Bad
6666,Good
6667,Good
6668,Bad
6669,Bad
6670,Good
6671,Good
6672,Bad
6673,Good
6674,Bad
6675,Good
6676,Good
6677,Good
6678,Bad
6679,Good
6680,Good
6681,Good
6682,Bad
6683,Good
6684,Bad
6685,Bad
6686,Bad
6687,Bad
6688,Bad
6689,Good
6690,Bad
6691,Bad
6692,Bad
6693,Bad
6694,Good
6695,Good
6696,Good
6697,Bad
6698,Good
6699,Bad
6700,Good
6701,Bad
6702,Bad
6703,Bad
6704,Good
6705,Good
6706,Good
6707,Bad
6708,Good
6709,Good
6710,Bad
6711,Bad
6712,Good
6713,Good
6714,Bad
6715,Bad
6716,Bad
6717,Bad
6718,Bad
6719,Bad
6720,Good
6721,Bad
6722,Bad
6723,Good
6724,Bad
6725,Bad
6726,Bad
6727,Bad
6728,Bad
6729,Bad
6730,Good
6731,Good
6732,Bad
6733,Good
6734,Bad
6735,Good
6736,Bad
6737,Good
6738,Bad
6739,Bad
6740,Bad
6741,Good
6742,Bad
6743,Good
6744,Good
6745,Good
6746,Good
6747,Good
6748,Bad
6749,Good
6750,Bad
6751,Good
6752,Bad
6753,Good
6754,Bad
6755,Bad
6756,Good
6757,Bad
6758,Bad
6759,Good
6760,Bad
6761,Good
6762,Good
6763,Bad
6764,Bad
6765,Bad
6766,Good
6767,Bad
6768,Bad
6769,Bad
6770,Good
6771,Good
6772,Good
6773,Bad
6774,Good
6775,Good
6776,Good
6777,Bad
6778,Bad
6779,Bad
6780,Good
6781,Good
6782,Good
6783,Bad
6784,Good
6785,Good
6786,Bad
6787,Bad
6788,Bad
6789,Good
6790,Bad
6791,Bad
6792,Bad
6793,Bad
6794,Good
6795,Bad
6796,Bad
6797,Good
6798,Good
6799,Bad
6800,Good
6801,Good
6802,Bad
6803,Bad
6804,Bad
6805,Good
6806,Bad
6807,Good
6808,Good
6809,Good
6810,Bad
6811,Bad
6812,Good
6813,Bad
6814,Good
6815,Bad
6816,Bad
6817,Good
6818,Bad
6819,Bad
6820,Bad
6821,Bad
6822,Bad
6823,Bad
6824,Bad
6825,Bad
6826,Bad
6827,Bad
6828,Bad
6829,Good
6830,Bad
6831,Good
6832,Good
6833,Bad
6834,Bad
6835,Bad
6836,Bad
6837,Good
6838,Bad
6839,Bad
6840,Good
6841,Bad
6842,Bad
6843,Good
6844,Good
6845,Bad
6846,Bad
6847,Good
6848,Good
6849,Good
6850,Good
6851,Good
6852,Good
6853,Good
6854,Good
6855,Good
6856,Bad
6857,Bad
6858,Good
6859,Bad
6860,Bad
6861,Bad
6862,Good
6863,Good
6864,Bad
6865,Good
6866,Good
6867,Good
6868,Good
6869,Bad
6870,Good
6871,Bad
6872,Bad
6873,Bad
6874,Bad
6875,Good
6876,Good
6877,Bad
6878,Bad
6879,Bad
6880,Bad
6881,Bad
6882,Good
6883,Good
6884,Good
6885,Good
6886,Bad
6887,Good
6888,Bad
6889,Bad
6890,Bad
6891,Good
6892,Good
6893,Good
6894,Good
6895,Bad
6896,Good
6897,Good
6898,Good
6899,Good
6900,Bad
6901,Good
6902,Bad
6903,Good
6904,Bad
6905,Good
6906,Bad
6907,Good
6908,Good
6909,Good
6910,Bad
6911,Bad
6912,Bad
6913,Good
6914,Good
6915,Good
6916,Good
6917,Good
6918,Bad
6919,Bad
6920,Good
6921,Good
6922,Bad
6923,Good
6924,Bad
6925,Good
6926,Good
6927,Good
6928,Good
6929,Good
6930,Good
6931,Good
6932,Bad
6933,Bad
6934,Bad
6935,Good
6936,Bad
6937,Good
6938,Bad
6939,Bad
6940,Good
6941,Bad
6942,Bad
6943,Bad
6944,Good
6945,Good
6946,Bad
6947,Bad
6948,Bad
6949,Good
6950,Bad
6951,Good
6952,Good
6953,Good
6954,Good
6955,Good
6956,Bad
6957,Good
6958,Good
6959,Bad
6960,Bad
6961,Good
6962,Bad
6963,Good
6964,Bad
6965,Good
6966,Bad
6967,Good
6968,Good
6969,Good
6970,Bad
6971,Bad
6972,Good
6973,Good
6974,Bad
6975,Bad
6976,Good
6977,Good
6978,Good
6979,Good
6980,Bad
6981,Good
6982,Bad
6983,Bad
6984,Bad
6985,Good
6986,Bad
6987,Bad
6988,Bad
6989,Good
6990,Good
6991,Bad
6992,Bad
6993,Good
6994,Good
6995,Bad
6996,Good
6997,Good
6998,Bad
6999,Bad
7000,Bad
7001,Good
7002,Bad
7003,Bad
7004,Good
7005,Bad
7006,Bad
7007,Bad
7008,Bad
7009,Bad
7010,Good
7011,Good
7012,Good
7013,Good
7014,Good
7015,Good
7016,Bad
7017,Bad
7018,Good
7019,Bad
7020,Good
7021,Good
7022,Bad
7023,Good
7024,Bad
7025,Bad
7026,Good
7027,Bad
7028,Good
7029,Bad
7030,Bad
7031,Bad
7032,Bad
7033,Bad
7034,Bad
7035,Good
7036,Bad
7037,Bad
7038,Bad
7039,Bad
7040,Good
7041,Good
7042,Good
7043,Good
7044,Good
7045,Good
7046,Bad
7047,Bad
7048,Good
7049,Good
7050,Bad
7051,Good
7052,Good
7053,Bad
7054,Good
7055,Good
7056,Good
7057,Bad
7058,Bad
7059,Good
7060,Good
7061,Bad
7062,Good
7063,Bad
7064,Good
7065,Bad
7066,Good
7067,Good
7068,Good
7069,Bad
7070,Good
7071,Bad
7072,Good
7073,Bad
7074,Bad
7075,Good
7076,Bad
7077,Bad
7078,Good
7079,Bad
7080,Good
7081,Bad
7082,Good
7083,Good
7084,Good
7085,Good
7086,Good
7087,Bad
7088,Bad
7089,Good
7090,Bad
7091,Bad
7092,Good
7093,Good
7094,Bad
7095,Bad
7096,Bad
7097,Good
7098,Good
7099,Bad
7100,Bad
7101,Bad
7102,Good
7103,Bad
7104,Good
7105,Good
7106,Bad
7107,Good
7108,Bad
7109,Good
7110,Bad
7111,Good
7112,Bad
7113,Good
7114,Bad
7115,Good
7116,Good
7117,Bad
7118,Good
7119,Bad
7120,Bad
7121,Bad
7122,Good
7123,Bad
7124,Bad
7125,Bad
7126,Bad
7127,Good
7128,Good
7129,Good
7130,Bad
7131,Bad
7132,Bad
7133,Bad
7134,Bad
7135,Bad
7136,Good
7137,Bad
7138,Good
7139,Bad
7140,Bad
7141,Bad
7142,Bad
7143,Bad
7144,Good
7145,Bad
7146,Good
7147,Bad
7148,Bad
7149,Bad
7150,Bad
7151,Bad
7152,Bad
7153,Good
7154,Good
7155,Bad
7156,Good
7157,Bad
7158,Bad
7159,Bad
7160,Good
7161,Bad
7162,Good
7163,Bad
7164,Bad
7165,Good
7166,Good
7167,Bad
7168,Bad
7169,Good
7170,Bad
7171,Bad
7172,Bad
7173,Good
7174,Good
7175,Bad
7176,Bad
7177,Bad
7178,Bad
7179,Bad
7180,Bad
7181,Bad
7182,Good
7183,Bad
7184,Good
7185,Bad
7186,Bad
7187,Bad
7188,Good
7189,Bad
7190,Bad
7191,Bad
7192,Bad
7193,Good
7194,Good
7195,Bad
7196,Bad
7197,Good
7198,Bad
7199,Good
7200,Bad
7201,Good
7202,Bad
7203,Bad
7204,Good
7205,Bad
7206,Bad
7207,Bad
7208,Good
7209,Good
7210,Good
7211,Bad
7212,Bad
7213,Good
7214,Good
7215,Good
7216,Good
7217,Bad
7218,Good
7219,Bad
7220,Good
7221,Good
7222,Bad
7223,Bad
7224,Good
7225,Good
7226,Bad
7227,Good
7228,Bad
7229,Bad
7230,Bad
7231,Bad
7232,Good
7233,Bad
7234,Bad
7235,Good
7236,Bad
7237,Good
7238,Bad
7239,Bad
7240,Good
7241,Good
7242,Good
7243,Good
7244,Bad
7245,Bad
7246,Good
7247,Good
7248,Good
7249,Good
7250,Good
7251,Good
7252,Good
7253,Bad
7254,Good
7255,Bad
7256,Bad
7257,Bad
7258,Bad
7259,Bad
7260,Bad
7261,Bad
7262,Bad
7263,Good
7264,Bad
7265,Bad
7266,Good
7267,Good
7268,Bad
7269,Bad
7270,Bad
7271,Good
7272,Good
7273,Bad
7274,Bad
7275,Good
7276,Bad
7277,Bad
7278,Bad
7279,Good
7280,Bad
7281,Bad
7282,Good
7283,Bad
7284,Bad
7285,Bad
7286,Bad
7287,Good
7288,Good
7289,Bad
7290,Good
7291,Bad
7292,Good
7293,Good
7294,Bad
7295,Good
7296,Bad
7297,Good
7298,Bad
7299,Good
7300,Good
7301,Good
7302,Bad
7303,Bad
7304,Bad
7305,Good
7306,Good
7307,Bad
7308,Good
7309,Bad
7310,Bad
7311,Bad
7312,Good
7313,Bad
7314,Bad
7315,Bad
7316,Good
7317,Good
7318,Bad
7319,Bad
7320,Bad
